"","1973","1974","1975","1976","1977","1978","1979","1980","1981","1982","1983","1984","1985","1986","1987","1988","1989","1990","1991","1992","1993","1994","1995","1996","1997","1998","1999","2000","2001","2002","2003","2004","2005","2006","2007","2008","2009","2010","2011","2012","2013","2014","2015","2016","2017","2018","2019","2020","2021","2022"
"A0",-4.60887704791942,-4.67677360484778,-4.7551794533148,-4.81330197968186,-4.85851524603542,-4.91892248617306,-4.98117358394664,-5.02676467602614,-5.05599883584779,-5.14353831276048,-5.1787581314904,-5.24042588813226,-5.28579608599436,-5.34080741816899,-5.40367788220586,-5.42025903735328,-5.4769656779757,-5.4769656779757,-5.45590728712281,-5.51398890302355,-5.5227116997639,-5.55114722823261,-5.56515160648698,-5.65100028921723,-5.68016360905757,-5.6627365052202,-5.77764432325466,-5.79853281120201,-5.86747856732699,-5.87101839403211,-5.85553602988374,-5.95109065296971,-5.98349637745881,-5.97993131129431,-6.01207550101211,-5.99869059219972,-6.14835230264513,-6.14601530695658,-6.05632311945648,-6.15022583949292,-6.22213636484298,-6.22062617074775,-6.29962147274915,-6.20564835705072,-6.32665760223081,-6.31830333476096,-6.3367757323964,-6.35272140055183,-6.42286303724265,-6.43400866345757
"A1",-6.5410309991904,-6.62182473956916,-6.71383458634483,-6.73296198860897,-6.76625571670844,-6.84760135616239,-6.93409925432174,-6.93512647577827,-6.94131206251098,-6.99987056788994,-7.08927715560553,-7.12342681545765,-7.1848271723219,-7.24322801527027,-7.24183039100363,-7.25589532047103,-7.32630562663896,-7.25589532047103,-7.31722840848784,-7.31722840848784,-7.30674142099259,-7.36820469542306,-7.33240320650708,-7.53511471900408,-7.47691647976109,-7.48578965244158,-7.52951246345541,-7.66277786326017,-7.69301774844989,-7.77287772428189,-7.87533930524384,-7.85708586493449,-7.92663259963139,-7.83662479306315,-7.99839939800107,-8.00736806798383,-7.97486890059088,-7.932188169476,-7.82154913065771,-7.98362808068076,-8.05660878408699,-8.01037558904779,-7.95472433449841,-8.0854107749907,-8.0854107749907,-8.11506698457359,-8.06930736742412,-8.60602440512285,-8.31017902203191,-8.24335652578651
"A2",-7.09288076310883,-7.15110153761387,-7.23904098891605,-7.36031199462415,-7.34471105418167,-7.4559366892919,-7.49474226371369,-7.59492038786454,-7.5616817463888,-7.6354939043117,-7.67994566688253,-7.63342565124764,-7.80669737252168,-7.80179540192147,-7.89393213832046,-7.84424871817381,-7.79935339826592,-7.9633080781898,-7.93777477618463,-7.93777477618463,-7.83409634670979,-7.99246466248126,-8.03476704217194,-8.00138002613921,-7.92110772369942,-7.98362808068076,-8.18072095479502,-8.25868249626474,-8.25099015064158,-8.25099015064158,-8.31425234741955,-8.53739589873376,-8.39056054048287,-8.49739056412006,-8.49739056412006,-8.40386450610923,-8.65645525874974,-8.51719319141624,-8.18429877614291,-8.53739589873376,-8.58976388425107,-8.52220573323978,-8.70956508406369,-8.65645525874974,-8.75291552493731,-8.78507263657184,-8.69154657856101,-9.31570088763401,-9.10598035665194,-8.94797610750869
"A3",-7.37616018686418,-7.41359336123709,-7.52394141840595,-7.66277786326017,-7.7610712116949,-7.71071732554929,-7.83157427727708,-7.75405363903626,-7.80424338356011,-8.05660878408699,-7.9633080781898,-7.93777477618463,-8.15951874714442,-8.23201424918257,-8.14218729079278,-8.17715588863053,-8.22826189956402,-8.28212106923675,-8.31017902203191,-8.17715588863053,-8.19510969224712,-8.25868249626474,-8.13193079062559,-8.53739589873376,-8.43561320442381,-8.40386450610923,-8.53230682922629,-8.61150387088748,-8.57906859513433,-8.67971212091401,-8.6622189634665,-8.6856118430412,-8.63936082539045,-8.6622189634665,-8.67971212091401,-8.92516142974252,-8.75291552493731,-8.83190393625594,-8.38616492900983,-8.75291552493731,-9.18078156973464,-9.16155020780675,-9.08812273925193,-9.2305430792937,-9.08812273925193,-8.9327086353779,-8.96348029404466,-9.24079957946089,-9.31570088763401,-9.22039070782968
"A4",-7.70182837813204,-7.65009270373285,-7.74246602386387,-7.78964458413896,-7.86747556878363,-7.91287722456291,-7.95187938236618,-8.03168537563454,-8.25482892694875,-8.15255007782833,-8.32244911462373,-8.29805766149957,-8.39056054048287,-8.45421839225485,-8.62255370707406,-8.43561320442381,-8.43561320442381,-8.54251099940053,-8.53230682922629,-8.35167875293866,-8.32657283180759,-8.56848648580379,-8.44023215028011,-8.59515473288595,-8.39056054048287,-8.67384700146161,-8.81829828420016,-8.75926475261597,-8.92516142974252,-8.83190393625594,-8.77855795555064,-8.86675066758611,-8.89552963213615,-9.01148951323102,-9.07931210956978,-9.02801881518223,-9.09701168666918,-9.25116236649644,-8.65645525874974,-8.97132347150568,-9.38469375912096,-9.12416267573513,-9.44606270549725,-9.34960243930969,-9.15207146385221,-9.44606270549725,-9.14268172350237,-9.6566274746046,-9.31570088763401,-9.38469375912096
"A5",-7.76342138903986,-7.932188169476,-7.89661670369113,-7.99246466248126,-7.95187938236618,-8.19149305177694,-8.2170885989659,-8.21339173708457,-8.25099015064158,-8.37309284744248,-8.3432398842928,-8.54251099940053,-8.42188301161191,-8.70352276960773,-8.75926475261597,-8.47317630599946,-8.74660635574404,-8.57906859513433,-8.49739056412006,-8.62255370707406,-8.52724352726974,-8.65072458404076,-8.60602440512285,-8.80487526386802,-8.70352276960773,-8.88103662483358,-8.81829828420016,-9.09701168666918,-9.13337933084005,-8.87386813535497,-8.98719682066197,-9.29372198091523,-9.28291106481102,-9.00332620259186,-9.12416267573513,-9.22039070782968,-9.00332620259186,-9.06192036685791,-8.88103662483358,-9.02801881518223,-9.37285930147396,-9.14268172350237,-9.39666995016768,-9.39666995016768,-9.70463669379096,-9.70463669379096,-9.26163366636373,-9.55283068092296,-9.6566274746046,-9.6566274746046
"A6",-7.80669737252168,-7.99246466248126,-8.08216928106653,-8.1084002932154,-8.09192545601189,-8.25868249626474,-8.412833176092,-8.28212106923675,-8.39941015575985,-8.45421839225485,-8.56323712991764,-8.49250057882587,-8.76565455071474,-8.63372700767219,-8.6622189634665,-8.74660635574404,-8.58440194110969,-8.76565455071474,-8.72176035715751,-8.73410619297981,-8.69154657856101,-8.791630037118,-8.6622189634665,-8.89552963213615,-8.99522899235924,-8.98719682066197,-9.09701168666918,-8.9556981536026,-9.21034037197618,-9.16155020780675,-9.10598035665194,-9.49802244442796,-9.22039070782968,-9.33817374348607,-9.26163366636373,-9.44606270549725,-9.20039004112301,-9.28291106481102,-8.65072458404076,-9.8081773727318,-9.32687418823213,-9.47170513611059,-9.34960243930969,-9.44606270549725,-9.58140405336701,-9.39666995016768,-9.49802244442796,-9.6566274746046,-9.90348755253613,-9.70463669379096
"A7",-8.02555038706702,-8.18429877614291,-8.35167875293866,-8.13875675569599,-8.28212106923675,-8.39497555869199,-8.44487252983661,-8.47797247826296,-8.67971212091401,-8.70352276960773,-8.50724286056307,-8.81829828420016,-8.75291552493731,-8.86675066758611,-8.65072458404076,-8.8387768155437,-8.86675066758611,-8.87386813535497,-8.74660635574404,-8.74660635574404,-8.73410619297981,-8.94031323476312,-8.65645525874974,-8.98719682066197,-9.05333662316652,-8.74033674273045,-8.98719682066197,-9.22039070782968,-9.07057842960102,-8.9556981536026,-9.29372198091523,-9.19053774468,-9.29372198091523,-9.37285930147396,-9.42106140329184,-9.36116326171077,-9.53884443894822,-9.8081773727318,-9.09701168666918,-9.64112328806864,-9.6566274746046,-9.75506754741786,-9.25116236649644,-9.8265265114,-9.64112328806864,-9.77245929012972,-9.56701531591492,-9.64112328806864,-9.68837617291918,-9.72116599574217
"A8",-8.31834233267107,-8.35592504382011,-8.38616492900983,-8.41734785644652,-8.44953454294242,-8.70956508406369,-8.75926475261597,-8.69751674554752,-8.67971212091401,-8.82507797118554,-8.70956508406369,-8.94797610750869,-8.91023577952584,-8.9792286510128,-8.9792286510128,-9.01148951323102,-8.83190393625594,-8.9327086353779,-9.08812273925193,-9.08812273925193,-9.01148951323102,-9.12416267573513,-9.00332620259186,-8.9792286510128,-9.11503019217186,-9.21034037197618,-9.21034037197618,-9.49802244442796,-9.24079957946089,-9.33817374348607,-9.14268172350237,-9.67237583157274,-9.36116326171077,-9.29372198091523,-9.67237583157274,-9.33817374348607,-9.48477721767794,-9.49802244442796,-9.27221577569427,-9.43348392329039,-9.61081793857331,-10.008848068194,-9.68837617291918,-9.8265265114,-10.3190029964978,-9.84521864441215,-9.96536295625422,-9.62585581593785,-9.8081773727318,-9.8265265114
"A9",-8.33487163462228,-8.52220573323978,-8.54251099940053,-8.52724352726974,-8.72176035715751,-8.65072458404076,-8.72176035715751,-8.77208544104503,-8.91767075801336,-8.74660635574404,-8.80487526386802,-8.79823072114935,-9.19053774468,-9.14268172350237,-9.01148951323102,-9.03638706485274,-9.01148951323102,-9.06192036685791,-9.08812273925193,-9.30465105144742,-8.9792286510128,-9.04482593349861,-9.13337933084005,-9.37285930147396,-9.32687418823213,-9.14268172350237,-9.42106140329184,-9.22039070782968,-9.44606270549725,-9.31570088763401,-9.55283068092296,-9.70463669379096,-9.77245929012972,-9.5114454647601,-9.55283068092296,-9.52505111681588,-9.64112328806864,-9.64112328806864,-8.9556981536026,-9.56701531591492,-9.92369025985365,-9.58140405336701,-9.73797311405855,-9.98686916147518,-9.86426683938285,-9.75506754741786,-9.8081773727318,-9.92369025985365,-9.90348755253613,-9.67237583157274
"A10",-8.412833176092,-8.58976388425107,-8.52724352726974,-8.72176035715751,-8.6856118430412,-8.6622189634665,-8.89552963213615,-8.8387768155437,-8.83190393625594,-8.80487526386802,-9.01148951323102,-9.07057842960102,-9.01972001236753,-9.24079957946089,-9.1711196588229,-9.36116326171077,-9.1711196588229,-9.05333662316652,-9.26163366636373,-9.05333662316652,-9.15207146385221,-9.16155020780675,-9.07057842960102,-9.45880173127468,-9.56701531591492,-9.30465105144742,-9.43348392329039,-9.52505111681588,-9.49802244442796,-9.25116236649644,-9.62585581593785,-9.5114454647601,-9.34960243930969,-9.62585581593785,-9.52505111681588,-9.58140405336701,-9.45880173127468,-9.67237583157274,-9.07057842960102,-9.90348755253613,-9.68837617291918,-9.67237583157274,-9.55283068092296,-9.56701531591492,-9.90348755253613,-9.86426683938285,-9.86426683938285,-9.77245929012972,-9.96536295625422,-9.79015886722913
"A11",-8.46840302724681,-8.50724286056307,-8.73410619297981,-8.56848648580379,-8.6622189634665,-8.88103662483358,-8.88825687280707,-8.86675066758611,-9.16155020780675,-8.91767075801336,-8.92516142974252,-9.02801881518223,-8.99522899235924,-9.1711196588229,-9.16155020780675,-9.08812273925193,-8.94031323476312,-9.22039070782968,-9.14268172350237,-9.07931210956978,-9.20039004112301,-9.48477721767794,-8.91767075801336,-9.32687418823213,-9.39666995016768,-9.37285930147396,-9.14268172350237,-9.53884443894822,-9.56701531591492,-9.59600285278817,-9.1711196588229,-9.6566274746046,-9.8081773727318,-9.62585581593785,-9.8265265114,-9.8081773727318,-10.1779243982379,-9.8265265114,-9.28291106481102,-9.64112328806864,-9.77245929012972,-9.62585581593785,-9.40879131070002,-9.55283068092296,-10.20459264532,-9.64112328806864,-9.64112328806864,-10.031320924046,-9.84521864441215,-9.88368492523995
"A12",-8.63936082539045,-8.50724286056307,-8.52724352726974,-8.70956508406369,-8.69751674554752,-8.62812475212352,-8.76565455071474,-9.07057842960102,-9.00332620259186,-8.9556981536026,-8.92516142974252,-8.9792286510128,-9.05333662316652,-9.06192036685791,-9.13337933084005,-9.19053774468,-9.04482593349861,-9.26163366636373,-9.1711196588229,-9.08812273925193,-8.88103662483358,-9.44606270549725,-8.9327086353779,-9.22039070782968,-9.22039070782968,-9.13337933084005,-9.19053774468,-9.43348392329039,-9.58140405336701,-9.49802244442796,-9.33817374348607,-9.72116599574217,-9.77245929012972,-9.61081793857331,-9.6566274746046,-9.86426683938285,-9.42106140329184,-9.5114454647601,-9.22039070782968,-9.5114454647601,-9.84521864441215,-9.62585581593785,-9.68837617291918,-9.61081793857331,-10.031320924046,-9.45880173127468,-9.61081793857331,-9.49802244442796,-9.52505111681588,-9.56701531591492
"A13",-8.27817629094574,-8.53230682922629,-8.56323712991764,-8.49250057882587,-8.74660635574404,-8.72791422273189,-8.67971212091401,-8.85968350036301,-8.84569725838827,-8.87386813535497,-8.91023577952584,-9.01972001236753,-8.91023577952584,-8.88103662483358,-9.07931210956978,-8.84569725838827,-9.07931210956978,-8.98719682066197,-9.08812273925193,-8.99522899235924,-8.9792286510128,-9.2305430792937,-9.03638706485274,-9.01972001236753,-9.2305430792937,-8.98719682066197,-9.16155020780675,-9.33817374348607,-9.36116326171077,-9.25116236649644,-9.16155020780675,-9.43348392329039,-9.34960243930969,-9.37285930147396,-9.64112328806864,-9.5114454647601,-9.43348392329039,-9.48477721767794,-9.24079957946089,-9.70463669379096,-9.64112328806864,-9.72116599574217,-9.62585581593785,-9.47170513611059,-9.55283068092296,-9.38469375912096,-9.34960243930969,-9.25116236649644,-9.25116236649644,-9.52505111681588
"A14",-8.33071362447362,-8.44487252983661,-8.35592504382011,-8.70956508406369,-8.70956508406369,-8.6856118430412,-8.83190393625594,-8.80487526386802,-8.67971212091401,-8.78507263657184,-8.87386813535497,-8.94797610750869,-8.74660635574404,-8.76565455071474,-8.85968350036301,-8.9556981536026,-8.91767075801336,-8.88103662483358,-9.21034037197618,-8.84569725838827,-8.92516142974252,-8.91023577952584,-8.85968350036301,-8.97132347150568,-9.24079957946089,-9.20039004112301,-9.00332620259186,-9.45880173127468,-9.07931210956978,-9.32687418823213,-9.07931210956978,-9.16155020780675,-9.15207146385221,-9.34960243930969,-9.18078156973464,-9.59600285278817,-9.48477721767794,-9.37285930147396,-9.26163366636373,-9.11503019217186,-9.36116326171077,-9.52505111681588,-9.32687418823213,-9.6566274746046,-9.21034037197618,-9.24079957946089,-9.27221577569427,-9.48477721767794,-9.10598035665194,-9.05333662316652
"A15",-8.15951874714442,-8.08866281037708,-8.27424701280585,-8.42643882814777,-8.52724352726974,-8.66801608115082,-8.54251099940053,-8.58440194110969,-8.43561320442381,-8.73410619297981,-8.54765239890095,-8.61701352669845,-8.69751674554752,-8.67384700146161,-8.70956508406369,-8.61701352669845,-8.77855795555064,-8.79823072114935,-8.88103662483358,-8.75291552493731,-8.85266592770437,-8.9327086353779,-8.57376354290463,-8.82507797118554,-8.91023577952584,-8.94031323476312,-8.791630037118,-9.00332620259186,-9.04482593349861,-9.01148951323102,-9.01148951323102,-9.00332620259186,-8.94031323476312,-8.94031323476312,-9.19053774468,-8.90285567222822,-9.19053774468,-8.91023577952584,-8.84569725838827,-9.18078156973464,-9.08812273925193,-9.36116326171077,-9.34960243930969,-9.38469375912096,-9.37285930147396,-9.15207146385221,-8.99522899235924,-9.12416267573513,-8.91767075801336,-8.88825687280707
"A16",-7.99839939800107,-7.93497757156357,-8.23201424918257,-8.25868249626474,-8.27033311348471,-8.18429877614291,-8.3061222213363,-8.32244911462373,-8.37309284744248,-8.39941015575985,-8.28212106923675,-8.53739589873376,-8.29404964010203,-8.43101549517518,-8.46840302724681,-8.42643882814777,-8.5122056499052,-8.49739056412006,-8.40833878650415,-8.39941015575985,-8.72176035715751,-8.67971212091401,-8.46365242448821,-8.55801518593649,-8.77855795555064,-8.62812475212352,-8.54765239890095,-8.67384700146161,-8.63936082539045,-8.77855795555064,-8.66801608115082,-8.67384700146161,-8.97132347150568,-8.9327086353779,-8.70352276960773,-8.791630037118,-8.88825687280707,-8.94031323476312,-8.64502656292612,-8.94797610750869,-9.13337933084005,-9.40879131070002,-8.86675066758611,-8.9327086353779,-9.01148951323102,-9.07057842960102,-9.05333662316652,-8.96348029404466,-8.92516142974252,-8.66801608115082
"A17",-7.86747556878363,-7.98069982090167,-7.99246466248126,-8.1050835405894,-8.14908386985184,-8.15602834220465,-8.06930736742412,-8.1084002932154,-8.11841707145887,-8.24716605420318,-8.07893826048508,-8.25868249626474,-8.45421839225485,-8.39056054048287,-8.60057480035529,-8.36877318629796,-8.37309284744248,-8.29404964010203,-8.51719319141624,-8.58440194110969,-8.52724352726974,-8.5122056499052,-8.33487163462228,-8.65645525874974,-8.58440194110969,-8.35167875293866,-8.53230682922629,-8.67384700146161,-8.56323712991764,-8.47797247826296,-8.63372700767219,-8.52724352726974,-8.72791422273189,-8.65072458404076,-8.67384700146161,-8.60602440512285,-8.69751674554752,-8.74033674273045,-8.37309284744248,-8.9327086353779,-9.12416267573513,-8.94797610750869,-8.98719682066197,-8.9792286510128,-9.20039004112301,-8.77855795555064,-8.88825687280707,-8.56323712991764,-8.52724352726974,-8.67971212091401
"A18",-7.7610712116949,-7.93777477618463,-7.9101487099097,-7.97486890059088,-8.04406943483426,-7.94057982711224,-8.10177775245491,-8.08866281037708,-8.01037558904779,-8.09519878135686,-8.14218729079278,-8.1987394602977,-8.27817629094574,-8.24716605420318,-8.25868249626474,-8.13193079062559,-8.12853520162445,-8.26643447306905,-8.29404964010203,-8.12515110364021,-8.36018944260657,-8.40833878650415,-8.43561320442381,-8.39056054048287,-8.21339173708457,-8.28608147045285,-8.3061222213363,-8.3432398842928,-8.53739589873376,-8.49250057882587,-8.25868249626474,-8.44953454294242,-8.43101549517518,-8.49250057882587,-8.74033674273045,-8.56848648580379,-8.66801608115082,-8.60602440512285,-8.25482892694875,-8.57376354290463,-8.71564413014008,-8.79823072114935,-8.96348029404466,-8.97132347150568,-8.85266592770437,-8.94797610750869,-8.70352276960773,-8.44953454294242,-8.6856118430412,-8.43561320442381
"A19",-7.6231480684894,-7.6543032362692,-7.78002912543952,-7.82905855267984,-7.88592141457438,-7.92663259963139,-8.05660878408699,-8.0471895621705,-8.24335652578651,-8.02861317659757,-8.13533794894721,-8.0854107749907,-8.03785823474162,-8.02861317659757,-8.08866281037708,-8.14908386985184,-8.07250737015479,-8.0471895621705,-8.23956145481796,-8.2023824515762,-8.15602834220465,-8.24335652578651,-8.20970849166828,-8.23201424918257,-8.39056054048287,-8.22079917836244,-8.23956145481796,-8.40833878650415,-8.36877318629796,-8.33487163462228,-8.28608147045285,-8.31017902203191,-8.23578073197805,-8.21339173708457,-8.31834233267107,-8.19510969224712,-8.38178855441003,-8.44953454294242,-8.36447210439857,-8.43101549517518,-8.63372700767219,-8.63936082539045,-8.62255370707406,-8.91023577952584,-8.75926475261597,-8.56848648580379,-8.63372700767219,-8.71564413014008,-8.55282036905939,-8.41734785644652
"A20",-7.53511471900408,-7.6354939043117,-7.50923527101626,-7.71743627579803,-7.83157427727708,-7.78242433616547,-7.81162349085773,-7.9238663461385,-7.98362808068076,-7.99839939800107,-8.03168537563454,-8.03476704217194,-8.12177841916157,-8.0194528071989,-8.06611757205602,-8.07893826048508,-8.03785823474162,-8.13875675569599,-8.22452357745342,-8.11506698457359,-8.19510969224712,-8.15255007782833,-8.1050835405894,-8.26255097304266,-8.14218729079278,-8.09848285655805,-8.33071362447362,-8.29404964010203,-8.29805766149957,-8.35167875293866,-8.39497555869199,-8.21339173708457,-8.30208181179929,-8.22826189956402,-8.25868249626474,-8.29005761883249,-8.17006366032104,-8.38616492900983,-8.16302137769562,-8.46365242448821,-8.43561320442381,-8.54765239890095,-8.67971212091401,-8.76565455071474,-8.56848648580379,-8.37309284744248,-8.56848648580379,-8.42188301161191,-8.38616492900983,-8.40386450610923
"A21",-7.44904011023284,-7.49654244421784,-7.62930193406378,-7.78482529770301,-7.75872654473565,-7.84424871817381,-7.83409634670979,-7.89125476054974,-8.06611757205602,-8.00138002613921,-7.91287722456291,-7.96043863576185,-8.11506698457359,-7.95472433449841,-7.93777477618463,-8.13875675569599,-8.16653631980307,-8.14562963498375,-8.08866281037708,-8.25099015064158,-8.13875675569599,-8.09192545601189,-8.06611757205602,-8.22452357745342,-8.27424701280585,-8.20970849166828,-8.01037558904779,-8.24716605420318,-8.24335652578651,-8.22452357745342,-8.29805766149957,-8.33904700603276,-8.27817629094574,-8.21339173708457,-8.13193079062559,-8.17715588863053,-8.23956145481796,-8.17715588863053,-8.04406943483426,-8.5122056499052,-8.36447210439857,-8.47797247826296,-8.70956508406369,-8.55282036905939,-8.61150387088748,-8.56323712991764,-8.47317630599946,-8.35592504382011,-8.16653631980307,-8.15951874714442
"A22",-7.41691562342907,-7.52765199780249,-7.51840123803034,-7.55401887364323,-7.76342138903986,-7.79206296500324,-7.82404601085629,-7.88061636234469,-8.01037558904779,-7.98951045058382,-7.89393213832046,-7.95472433449841,-8.06611757205602,-8.00138002613921,-8.14218729079278,-8.22452357745342,-8.07571764578504,-8.01339218258721,-8.16653631980307,-8.12515110364021,-8.29404964010203,-8.17006366032104,-8.05976834437736,-8.19510969224712,-8.19149305177694,-8.17715588863053,-8.15255007782833,-8.17715588863053,-8.16653631980307,-8.25868249626474,-8.17715588863053,-8.19149305177694,-8.00138002613921,-8.1084002932154,-8.17360348702616,-8.30208181179929,-8.13875675569599,-8.3432398842928,-8.03785823474162,-8.28212106923675,-8.21339173708457,-8.39056054048287,-8.44487252983661,-8.42643882814777,-8.43101549517518,-8.41734785644652,-8.37309284744248,-8.2170885989659,-8.17360348702616,-8.16653631980307
"A23",-7.31873556777841,-7.33240320650708,-7.48578965244158,-7.51840123803034,-7.63136166702679,-7.77050524392826,-7.86226722367649,-7.94904250103098,-7.90471391392375,-7.93497757156357,-7.89393213832046,-7.91287722456291,-8.03785823474162,-7.98951045058382,-7.96907178290655,-7.97778011079833,-8.09519878135686,-8.04095901241987,-8.11841707145887,-8.13193079062559,-8.12177841916157,-8.17360348702616,-8.14562963498375,-8.27033311348471,-8.31834233267107,-8.1050835405894,-8.16653631980307,-8.09848285655805,-8.18072095479502,-8.20970849166828,-8.31425234741955,-8.07571764578504,-8.02555038706702,-8.22826189956402,-8.11841707145887,-8.03168537563454,-8.06930736742412,-8.22826189956402,-7.93497757156357,-8.33904700603276,-8.31834233267107,-8.25868249626474,-8.49250057882587,-8.31834233267107,-8.63372700767219,-8.50724286056307,-8.41734785644652,-8.50230457892249,-8.37743124904108,-8.33487163462228
"A24",-7.28609171970205,-7.3697907385787,-7.43200392308027,-7.52579498705528,-7.68646034790373,-7.69741335992293,-7.70182837813204,-7.86226722367649,-7.79448720861475,-7.95757740348081,-7.80669737252168,-7.94904250103098,-7.89125476054974,-7.94339276848886,-7.97196614093291,-7.94057982711224,-8.12853520162445,-8.02861317659757,-8.13533794894721,-8.07893826048508,-8.26643447306905,-8.2170885989659,-8.15255007782833,-8.18788944427364,-8.21339173708457,-8.12177841916157,-8.11172808330807,-8.05660878408699,-8.22826189956402,-8.19149305177694,-8.1050835405894,-8.26643447306905,-7.96618577801742,-8.01037558904779,-8.2170885989659,-8.18788944427364,-8.22452357745342,-8.26255097304266,-8.03168537563454,-8.22826189956402,-8.39056054048287,-8.31017902203191,-8.25099015064158,-8.29404964010203,-8.56323712991764,-8.60602440512285,-8.52724352726974,-8.21339173708457,-8.25482892694875,-8.25099015064158
"A25",-7.35717227461948,-7.37456401733135,-7.3370009157557,-7.48757377423508,-7.59095212868891,-7.59095212868891,-7.7040432184616,-7.77525584668686,-7.77050524392826,-7.93777477618463,-7.768138378918,-7.83157427727708,-7.9238663461385,-7.87797435288185,-7.90471391392375,-7.99246466248126,-7.99542762761191,-8.0471895621705,-8.10177775245491,-8.09192545601189,-8.13193079062559,-8.12853520162445,-8.15255007782833,-8.2170885989659,-8.23201424918257,-8.15255007782833,-8.07571764578504,-8.14218729079278,-8.18788944427364,-8.29805766149957,-8.07893826048508,-8.14908386985184,-8.11172808330807,-8.05660878408699,-8.06930736742412,-7.98951045058382,-8.05660878408699,-8.25868249626474,-7.93777477618463,-8.22079917836244,-8.39941015575985,-8.31425234741955,-8.42643882814777,-8.22452357745342,-8.3432398842928,-8.44023215028011,-8.49250057882587,-8.23956145481796,-8.31017902203191,-8.18072095479502
"A26",-7.30376522831955,-7.3370009157557,-7.46288116164471,-7.46462484124953,-7.53137639689347,-7.5616817463888,-7.61906643016975,-7.6231480684894,-7.768138378918,-7.77287772428189,-7.73786831461524,-7.78482529770301,-7.90471391392375,-7.79448720861475,-7.95187938236618,-7.96907178290655,-7.97486890059088,-7.98362808068076,-8.02861317659757,-7.99542762761191,-8.25868249626474,-8.14562963498375,-8.02861317659757,-8.17006366032104,-8.16302137769562,-7.932188169476,-8.06930736742412,-8.07250737015479,-8.06611757205602,-8.2170885989659,-8.11172808330807,-8.17006366032104,-8.06930736742412,-7.98951045058382,-8.16302137769562,-8.17360348702616,-7.95757740348081,-8.21339173708457,-7.92940652651412,-8.12177841916157,-8.24716605420318,-8.10177775245491,-8.32244911462373,-8.32657283180759,-8.36018944260657,-8.36877318629796,-8.36447210439857,-8.35592504382011,-8.1987394602977,-8.23956145481796
"A27",-7.33546599603762,-7.26443022292087,-7.46812134830826,-7.46114051716692,-7.52765199780249,-7.52209127911779,-7.61703184147197,-7.61500138392158,-7.7040432184616,-7.72420067588658,-7.79448720861475,-7.73329164758783,-7.81409568000312,-7.81905846934525,-7.87271118283757,-7.854505218341,-7.96043863576185,-8.08216928106653,-7.91561320438178,-7.98362808068076,-8.14218729079278,-8.03168537563454,-8.04095901241987,-8.09192545601189,-8.05976834437736,-8.05031945517943,-7.95187938236618,-8.02249694958013,-8.14562963498375,-8.05976834437736,-8.09192545601189,-8.13875675569599,-8.1050835405894,-8.04095901241987,-8.02249694958013,-8.01641790350375,-8.08866281037708,-8.1987394602977,-7.88326537051626,-8.00436956498757,-8.29404964010203,-8.12853520162445,-8.18429877614291,-8.32244911462373,-8.3432398842928,-8.42188301161191,-8.20603876277931,-8.27033311348471,-8.31017902203191,-8.23578073197805
"A28",-7.21564005875144,-7.40041359879268,-7.32782653947966,-7.41858090274813,-7.49294531803699,-7.48578965244158,-7.60893463123935,-7.59691043827254,-7.61500138392158,-7.71743627579803,-7.74708496972016,-7.69301774844989,-7.73329164758783,-7.74016452687559,-7.86747556878363,-7.83915964866634,-7.85193121434583,-7.932188169476,-7.94339276848886,-7.86226722367649,-7.98069982090167,-7.96618577801742,-7.94057982711224,-8.04406943483426,-8.0194528071989,-7.94057982711224,-8.05031945517943,-7.98951045058382,-8.00138002613921,-8.09519878135686,-7.98362808068076,-7.98362808068076,-8.05976834437736,-8.01037558904779,-8.06611757205602,-8.06293791913864,-8.01037558904779,-8.06293791913864,-7.92663259963139,-8.10177775245491,-8.17006366032104,-8.18072095479502,-8.15951874714442,-8.27817629094574,-8.31834233267107,-8.26255097304266,-8.45892428329226,-8.22826189956402,-8.09848285655805,-8.1987394602977
"A29",-7.09288076310883,-7.24322801527027,-7.31572351730842,-7.34936583372665,-7.47691647976109,-7.4559366892919,-7.52394141840595,-7.61095279539558,-7.59095212868891,-7.62519515211113,-7.59095212868891,-7.68864137385009,-7.7040432184616,-7.71295196335071,-7.76342138903986,-7.75872654473565,-7.79935339826592,-7.78964458413896,-7.92663259963139,-7.80669737252168,-7.94339276848886,-7.98362808068076,-7.9238663461385,-7.98362808068076,-7.85708586493449,-7.96043863576185,-7.89661670369113,-7.9238663461385,-8.06293791913864,-7.9633080781898,-8.02249694958013,-7.92110772369942,-7.932188169476,-7.854505218341,-7.96618577801742,-7.99246466248126,-7.94904250103098,-8.01339218258721,-7.79448720861475,-8.1050835405894,-8.06930736742412,-8.12515110364021,-8.1084002932154,-8.27033311348471,-8.2170885989659,-8.24335652578651,-8.28608147045285,-8.18429877614291,-8.13193079062559,-8.11506698457359
"A30",-7.1447442371184,-7.11109620300017,-7.19144533016438,-7.35092225427431,-7.31422088742389,-7.39388829015776,-7.5810998322459,-7.49115159558296,-7.52765199780249,-7.5616817463888,-7.57134365730054,-7.66490778951799,-7.60491048093962,-7.72194078791914,-7.73557736286868,-7.79448720861475,-7.80179540192147,-7.76577710273232,-7.78002912543952,-7.8700899493577,-7.82154913065771,-7.854505218341,-7.83409634670979,-7.92940652651412,-7.87797435288185,-7.83157427727708,-7.84680299797891,-7.82905855267984,-7.83662479306315,-7.94904250103098,-7.92110772369942,-7.92110772369942,-7.88326537051626,-7.932188169476,-7.91835669032753,-7.932188169476,-8.06293791913864,-7.89661670369113,-7.78964458413896,-8.05976834437736,-8.16302137769562,-7.99246466248126,-8.05031945517943,-8.13193079062559,-8.17715588863053,-8.12853520162445,-8.24335652578651,-8.2023824515762,-8.12515110364021,-8.0194528071989
"A31",-7.05162564940184,-7.18746918178474,-7.19677157444705,-7.30228044705197,-7.47515125423652,-7.29194825181476,-7.38579107992514,-7.49834587121699,-7.49654244421784,-7.47338913924312,-7.54263355141811,-7.48400870807058,-7.62519515211113,-7.68211251496763,-7.74708496972016,-7.68211251496763,-7.75638736238248,-7.72646568251743,-7.768138378918,-7.75872654473565,-7.82654914107441,-7.72420067588658,-7.75638736238248,-7.81409568000312,-7.76342138903986,-7.79691734346804,-7.69961843248124,-7.80179540192147,-7.77287772428189,-7.79448720861475,-7.80915739836254,-7.932188169476,-7.84680299797891,-7.98362808068076,-7.88858453199386,-7.78964458413896,-7.83662479306315,-7.854505218341,-7.79448720861475,-7.88061636234469,-7.9238663461385,-7.89661670369113,-8.08216928106653,-8.12853520162445,-8.09192545601189,-8.2023824515762,-8.14908386985184,-8.18429877614291,-8.13193079062559,-7.99839939800107
"A32",-7.0031654637868,-7.11355019196173,-7.21973004400296,-7.22383682595562,-7.22520950976759,-7.39877827545195,-7.30972649783605,-7.3841794760308,-7.43708437431269,-7.44389871073242,-7.54641427425801,-7.53886706862263,-7.52024455652463,-7.54831000942291,-7.67347315237692,-7.67347315237692,-7.74246602386387,-7.7310111448891,-7.73329164758783,-7.80424338356011,-7.81657399601759,-7.69301774844989,-7.63964328785851,-7.64799406707593,-7.66704226204663,-7.63342565124764,-7.75872654473565,-7.77763963804214,-7.75872654473565,-7.81657399601759,-7.76342138903986,-7.77525584668686,-7.77525584668686,-7.83662479306315,-7.9238663461385,-7.76577710273232,-7.81657399601759,-7.89930849535684,-7.67347315237692,-7.90742761979534,-7.768138378918,-7.95187938236618,-7.97486890059088,-8.09192545601189,-8.06611757205602,-8.01339218258721,-8.03785823474162,-8.24335652578651,-8.04095901241987,-7.98656494035407
"A33",-7.0086811975721,-6.98140181915044,-7.01757014498934,-7.1447442371184,-7.22796054313948,-7.24602913754998,-7.33240320650708,-7.32024500202727,-7.37297039149608,-7.3697907385787,-7.43878361006565,-7.42024895984882,-7.45766829145617,-7.5616817463888,-7.58699955437309,-7.57134365730054,-7.58502911038579,-7.6211051668596,-7.65219575392963,-7.6543032362692,-7.5810998322459,-7.7040432184616,-7.6354939043117,-7.61297504077635,-7.68428406848113,-7.65009270373285,-7.68864137385009,-7.69961843248124,-7.768138378918,-7.69521313901332,-7.75872654473565,-7.79691734346804,-7.70182837813204,-7.72194078791914,-7.80669737252168,-7.82905855267984,-7.81657399601759,-7.72873583105197,-7.73557736286868,-7.83662479306315,-7.91561320438178,-7.91287722456291,-7.92110772369942,-7.99839939800107,-8.07571764578504,-8.05031945517943,-8.03476704217194,-8.07250737015479,-7.9462136448305,-8.05031945517943
"A34",-6.92795798629966,-6.99658649268875,-7.03105349532663,-7.09288076310883,-7.15878403378588,-7.13716844330994,-7.16007020759663,-7.28609171970205,-7.22658408043075,-7.28026928695062,-7.25024558792891,-7.35717227461948,-7.36188555907158,-7.46288116164471,-7.46812134830826,-7.50741211645474,-7.51106175554229,-7.55976051621091,-7.59691043827254,-7.6543032362692,-7.64380996055336,-7.61906643016975,-7.47868482681783,-7.64380996055336,-7.66918130029538,-7.6211051668596,-7.52579498705528,-7.55784297008164,-7.66918130029538,-7.58897388867681,-7.63136166702679,-7.61906643016975,-7.5752347127935,-7.68428406848113,-7.74940246786053,-7.66704226204663,-7.7040432184616,-7.68428406848113,-7.54831000942291,-7.81409568000312,-7.77525584668686,-7.83409634670979,-7.854505218341,-7.86226722367649,-7.83915964866634,-7.94904250103098,-7.91561320438178,-7.91561320438178,-7.82154913065771,-7.87271118283757
"A35",-6.83822921633353,-6.91176330037968,-6.94441926335373,-7.05047158118373,-7.04701734631564,-7.11232244472341,-7.1160102178026,-7.1447442371184,-7.24322801527027,-7.19410490620014,-7.19410490620014,-7.29488943040558,-7.35092225427431,-7.36662116381742,-7.43538802106451,-7.41691562342907,-7.48936108480917,-7.41858090274813,-7.46987419713568,-7.45248245442381,-7.50377574881136,-7.57718593292477,-7.51656131110833,-7.5616817463888,-7.46987419713568,-7.45766829145617,-7.50559227973776,-7.51289158221937,-7.55976051621091,-7.58306254141375,-7.52394141840595,-7.55211229537265,-7.57718593292477,-7.61906643016975,-7.59095212868891,-7.71295196335071,-7.61703184147197,-7.65009270373285,-7.49654244421784,-7.81162349085773,-7.70848767022202,-7.74246602386387,-7.73329164758783,-7.78723203773358,-7.80915739836254,-7.8700899493577,-7.80424338356011,-7.91287722456291,-7.85708586493449,-7.76342138903986
"A36",-6.80069620668873,-6.83636528289546,-6.95799649541888,-6.9027677374711,-6.96432563047053,-7.00757561426435,-7.12715584401751,-7.08091889799133,-7.11724250384886,-7.2293389031096,-7.12094849944318,-7.18614730452683,-7.23764920024323,-7.23764920024323,-7.34471105418167,-7.34471105418167,-7.3524811010436,-7.37137930126383,-7.43538802106451,-7.43200392308027,-7.45075980111236,-7.44560957513605,-7.54641427425801,-7.55401887364323,-7.50015255644194,-7.41028209993343,-7.50559227973776,-7.56553531570479,-7.52394141840595,-7.40698176690478,-7.52579498705528,-7.43708437431269,-7.46114051716692,-7.51656131110833,-7.58306254141375,-7.52579498705528,-7.61500138392158,-7.59095212868891,-7.45766829145617,-7.66065246394786,-7.64589982547282,-7.66065246394786,-7.78242433616547,-7.71295196335071,-7.80915739836254,-7.82154913065771,-7.73786831461524,-7.71071732554929,-7.85193121434583,-7.7310111448891
"A37",-6.68301300630423,-6.778482943278,-6.744786450704,-6.87916782213022,-6.91679602363429,-6.9632679889124,-6.99440308570781,-7.08449245748219,-7.01089603790165,-7.08449245748219,-7.19677157444705,-7.04243018230874,-7.14982684018187,-7.16393868437455,-7.2672914552019,-7.20212633958471,-7.19944537283146,-7.27448055877437,-7.41028209993343,-7.31873556777841,-7.38257046522509,-7.41028209993343,-7.41359336123709,-7.36820469542306,-7.43369454055818,-7.44904011023284,-7.51106175554229,-7.29931748192131,-7.41193636002946,-7.49834587121699,-7.43200392308027,-7.48578965244158,-7.41525311265545,-7.43878361006565,-7.42694915241864,-7.41028209993343,-7.43031615896655,-7.48936108480917,-7.33853819507459,-7.57328729250911,-7.6354939043117,-7.66704226204663,-7.72420067588658,-7.60692053186765,-7.75872654473565,-7.73329164758783,-7.74477282996178,-7.68211251496763,-7.79935339826592,-7.59691043827254
"A38",-6.69506618557179,-6.6703144229671,-6.77497416774832,-6.78465308184815,-6.93204797155118,-6.87819647674059,-6.89582670811686,-6.9157874506794,-6.99331316734378,-6.97282727572585,-7.00426617936298,-7.13340196051447,-7.0856864874748,-7.16782218440094,-7.17432838822368,-7.17563472413774,-7.17302375659702,-7.22658408043075,-7.19944537283146,-7.23348541907145,-7.2759246023466,-7.28317626574192,-7.23764920024323,-7.33546599603762,-7.33393342868784,-7.34471105418167,-7.38257046522509,-7.31722840848784,-7.36662116381742,-7.34316426346337,-7.34781183185992,-7.31873556777841,-7.35874090239211,-7.37775890822787,-7.37297039149608,-7.40533567599811,-7.35404238161056,-7.3841794760308,-7.31422088742389,-7.43538802106451,-7.54074853672234,-7.47515125423652,-7.60290446221276,-7.56940379248271,-7.68428406848113,-7.66918130029538,-7.67994566688253,-7.5752347127935,-7.64380996055336,-7.6231480684894
"A39",-6.56985549036974,-6.61359424043265,-6.61359424043265,-6.76365493500838,-6.7481907093108,-6.78200407367658,-6.81700091571367,-6.8561120458303,-6.9157874506794,-6.94753614899398,-6.93924594607351,-6.96010175935435,-7.05857816871672,-6.98355699239842,-7.02541332245037,-7.05625528730058,-7.03900356559209,-7.16912004311654,-7.1717208248166,-7.21700152934976,-7.21021263701607,-7.20078495776051,-7.16782218440094,-7.2293389031096,-7.2773707341966,-7.1821921246839,-7.22383682595562,-7.25731275515201,-7.29341775979412,-7.26585981573046,-7.26443022292087,-7.20346952313118,-7.24322801527027,-7.3524811010436,-7.31272051204865,-7.21021263701607,-7.30525221744112,-7.31722840848784,-7.24462759562469,-7.40863057189496,-7.40369229025438,-7.43708437431269,-7.46114051716692,-7.51472476330103,-7.61906643016975,-7.54263355141811,-7.61500138392158,-7.60893463123935,-7.59691043827254,-7.49115159558296
"A40",-6.47273136863243,-6.56133271150776,-6.59148574967844,-6.61882398712992,-6.70155444839824,-6.73801250439504,-6.76365493500838,-6.79086152751064,-6.79890087407006,-6.89780494812897,-6.88403875236482,-6.81882906978774,-6.86949656686505,-6.97389508148668,-6.92693809839891,-7.00426617936298,-6.95904857336969,-7.05278105103239,-7.08449245748219,-7.05625528730058,-7.05162564940184,-7.14728230954687,-7.10377016290809,-7.14221259019662,-7.17563472413774,-7.09529040282898,-7.12342681545765,-7.16135803778106,-7.20886037176606,-7.19543735143392,-7.17956400227763,-7.19277423401443,-7.23625934595417,-7.13968733632943,-7.2773707341966,-7.28463293023839,-7.29341775979412,-7.22658408043075,-7.1074264741112,-7.3370009157557,-7.36188555907158,-7.32782653947966,-7.3462602411685,-7.49834587121699,-7.37456401733135,-7.40369229025438,-7.47163012383794,-7.37616018686418,-7.45940289726838,-7.42359344457167
"A41",-6.42718269838717,-6.46563685322594,-6.4637106889065,-6.54659042977055,-6.62860953755264,-6.65311306060856,-6.60027057923418,-6.69911641387081,-6.73548405804168,-6.75933527386386,-6.73632616335461,-6.76106089983133,-6.81062856825141,-6.82341413054839,-6.9622114647782,-6.88306266639177,-6.90675577864905,-6.88208753223356,-7.02204442538426,-6.95904857336969,-7.03445293202809,-7.06324018182253,-7.01534048966207,-7.11477944841646,-7.01980478279076,-7.04357500212467,-7.0367256602791,-7.0761739306071,-7.11724250384886,-7.11847631029779,-7.1665260079395,-7.13089883029635,-7.06440908902751,-7.13465587917406,-7.16523150937685,-7.15493540812459,-7.1074264741112,-7.19543735143392,-7.09167811714307,-7.16912004311654,-7.28463293023839,-7.25873220180623,-7.28755264034172,-7.27881896037297,-7.39226359443075,-7.39714562202806,-7.34936583372665,-7.37936018959485,-7.37775890822787,-7.33546599603762
"A42",-6.28771657024283,-6.35444504360999,-6.39973358254888,-6.46499438613028,-6.51977548521499,-6.5410309991904,-6.63088140524696,-6.67743752391993,-6.69264389936519,-6.70155444839824,-6.69345067633513,-6.69587491994664,-6.70318311325336,-6.72127571203952,-6.80700537588199,-6.87045949423844,-6.80339526365789,-6.85043021236287,-6.85137494554603,-6.87819647674059,-6.85801318708732,-6.92388466091202,-6.92795798629966,-6.89089816191571,-6.91679602363429,-6.97176060895805,-6.98896533440768,-6.95379921748354,-7.01868683968942,-7.03331850195748,-7.09408485717363,-6.99658649268875,-7.08210866612691,-7.08807883311342,-7.0856864874748,-7.05047158118373,-7.0989157844433,-7.13465587917406,-7.01868683968942,-7.12715584401751,-7.14728230954687,-7.12964961089591,-7.22383682595562,-7.16523150937685,-7.2672914552019,-7.31122238442763,-7.297839285052,-7.297839285052,-7.34471105418167,-7.24602913754998
"A43",-6.25960546435293,-6.2450673059069,-6.30343931212881,-6.35100072332775,-6.4611482275428,-6.46306945772069,-6.48773001954264,-6.50562907213949,-6.57629558418447,-6.61508566501932,-6.64847268105205,-6.60247889812941,-6.60469210449205,-6.6703144229671,-6.61359424043265,-6.71383458634483,-6.76019771462452,-6.72376844286912,-6.72210593209551,-6.75589292967289,-6.78288629693627,-6.79979813747704,-6.79442659367513,-6.83079423784601,-6.8561120458303,-6.90077966524571,-6.87819647674059,-6.90077966524571,-6.93409925432174,-6.99440308570781,-6.91982786021641,-7.0086811975721,-6.96644427533082,-6.92286891679219,-6.93924594607351,-6.99877467736931,-6.99331316734378,-6.99549419329014,-6.93409925432174,-7.08329985149707,-7.08688194487957,-7.13591137211989,-7.13842709671714,-7.19410490620014,-7.15878403378588,-7.19543735143392,-7.25731275515201,-7.25589532047103,-7.20078495776051,-7.19543735143392
"A44",-6.12888922301965,-6.14694944994838,-6.22112931541246,-6.30727178328561,-6.34642667304304,-6.36950905964015,-6.40940717672726,-6.41733646499381,-6.46178822756464,-6.44150869861411,-6.52249287819149,-6.52385434878981,-6.54519767188525,-6.54728753680471,-6.66952609024989,-6.54241796196475,-6.69587491994664,-6.74648713138602,-6.63544068366148,-6.69264389936519,-6.65079017919242,-6.74648713138602,-6.71136646497675,-6.76712414924239,-6.76886328011552,-6.78288629693627,-6.78465308184815,-6.75761262055242,-6.7619248307706,-6.86469578952169,-6.87819647674059,-6.9402784706877,-6.86661333565096,-6.89978710933296,-6.93102390592149,-6.89780494812897,-6.88111334803572,-6.90177320730459,-6.79890087407006,-6.93924594607351,-6.97069507875601,-7.05162564940184,-7.03445293202809,-7.0667510104726,-7.05974163598002,-7.10377016290809,-7.10864822136153,-7.08091889799133,-7.10377016290809,-7.08927715560553
"A45",-6.04402179784666,-6.13672155976512,-6.1957863441816,-6.17731231367849,-6.25647230252089,-6.29907725504864,-6.32108034293271,-6.37536387730159,-6.38598971517781,-6.42780131888323,-6.4377516497364,-6.4707915038146,-6.4766224241254,-6.52385434878981,-6.53000400944149,-6.59002908518198,-6.55921331827359,-6.60913326649202,-6.67347398325747,-6.57414427464196,-6.55148041506474,-6.62332849925103,-6.57342819870731,-6.63391861335241,-6.70890442023697,-6.67664355801875,-6.68701461228424,-6.69264389936519,-6.72960909359866,-6.78730912590627,-6.76625571670844,-6.79264247188163,-6.78200407367658,-6.85232057209404,-6.8206605721312,-6.86757348934931,-6.81608809045631,-6.80339526365789,-6.70890442023697,-6.88795265168596,-6.92795798629966,-6.89879553761067,-6.96644427533082,-6.98247882517807,-7.00757561426435,-7.00096766070432,-6.99987056788994,-6.99440308570781,-7.05162564940184,-7.00757561426435
"A46",-5.97559119795169,-6.02688449233924,-6.07267460253353,-6.1035140509166,-6.14835230264513,-6.19333596314665,-6.21460809842219,-6.25751559943347,-6.31332407136135,-6.34871108294567,-6.33903817680037,-6.33339163441216,-6.39194211370511,-6.45731680523124,-6.454770654906,-6.4637106889065,-6.50562907213949,-6.52045414150164,-6.53619172254965,-6.59733371956087,-6.47337882737955,-6.54450201968328,-6.50629819227151,-6.55428546599235,-6.53000400944149,-6.60321608946393,-6.55148041506474,-6.62483452363207,-6.64155223820748,-6.65233816711763,-6.70726641823273,-6.70155444839824,-6.7229368419896,-6.66089520105061,-6.65699656063495,-6.69992843177982,-6.73632616335461,-6.75847357626638,-6.66167675638543,-6.80790994401242,-6.82709737596468,-6.81244509917781,-6.88014011194916,-6.86469578952169,-6.8968153389438,-6.88501579201265,-6.93718408967295,-6.9147798939191,-7.00536810784914,-6.92795798629966
"A47",-5.8957907970397,-5.93018131869108,-5.97559119795169,-6.03353732352989,-6.1035140509166,-6.10620222457841,-6.12888922301965,-6.15022583949292,-6.19235748948737,-6.20812913232448,-6.26274847375013,-6.26117573423853,-6.29419257776503,-6.32889724482432,-6.3407383755664,-6.37419016824666,-6.42409532328892,-6.44527991615719,-6.39134527692225,-6.43338619222676,-6.51706545645613,-6.41672428254433,-6.40455868238064,-6.47532372264416,-6.47922489794298,-6.44717087165289,-6.49630809919643,-6.57629558418447,-6.53000400944149,-6.64231881547768,-6.6076506865318,-6.66559372183217,-6.56629550084989,-6.65777507371437,-6.62860953755264,-6.65156387362173,-6.67823212070389,-6.72626740293676,-6.57701371706991,-6.72710177928888,-6.67982321093613,-6.71630881441118,-6.72960909359866,-6.79890087407006,-6.82802031096328,-6.8142649358948,-6.83079423784601,-6.82986874032507,-6.85991794956798,-6.85421451205411
"A48",-5.81818373496618,-5.84407956019492,-5.87635174000748,-5.96501737709313,-5.95957835824566,-6.01330124171716,-5.97323177884692,-6.06877765021065,-6.06834559144394,-6.12705520141433,-6.14414963477363,-6.15116392586566,-6.22264027011946,-6.21610922454846,-6.2606520369236,-6.27968009516591,-6.33282872980962,-6.31001828322685,-6.37889329273005,-6.28879299661157,-6.31166981126532,-6.43837684513032,-6.3023470127302,-6.36834219836423,-6.37243218361576,-6.39853093658312,-6.43962840974926,-6.454770654906,-6.46692302703668,-6.46563685322594,-6.54519767188525,-6.43214241097189,-6.53137575176907,-6.50965052528027,-6.55288195699003,-6.53619172254965,-6.59513672124032,-6.58277742178666,-6.48052867909246,-6.66480910037175,-6.59002908518198,-6.66559372183217,-6.69345067633513,-6.66637895940687,-6.69506618557179,-6.65699656063495,-6.70155444839824,-6.74989719436656,-6.74393719375274,-6.6854120478387
"A49",-5.73868452666547,-5.77829052683126,-5.79556887028691,-5.83754246483573,-5.88530435127959,-5.94419935464087,-5.97283908298482,-5.96774802049067,-6.03312022237682,-6.00881418544309,-6.08095171360952,-6.09504886336455,-6.11114939005396,-6.10889764400008,-6.19284660664068,-6.17586827010626,-6.21610922454846,-6.1987347492659,-6.20317372079653,-6.28128223169018,-6.25543009294245,-6.31996861408002,-6.27701555855081,-6.22769333797085,-6.2786134283981,-6.28987058292274,-6.28825463859049,-6.33282872980962,-6.37771543629234,-6.42409532328892,-6.42594660428664,-6.40455868238064,-6.45350000670454,-6.45413512898693,-6.48052867909246,-6.49167999176196,-6.45413512898693,-6.49829814960444,-6.42409532328892,-6.50629819227151,-6.51166733268657,-6.57557796664381,-6.55991928371061,-6.59002908518198,-6.61508566501932,-6.62332849925103,-6.6143396746826,-6.63391861335241,-6.68861974906547,-6.57701371706991
"A50",-5.6168711026669,-5.67141209462575,-5.73125645165696,-5.77829052683126,-5.77313255279099,-5.89180022399504,-5.85938420675077,-5.90418653900092,-5.90125827922183,-5.93131062428824,-5.97009452137179,-6.02895875153556,-6.02192375459269,-6.05036565502814,-6.11838924068165,-6.08489649190053,-6.10127941311519,-6.14788446637928,-6.19529578738982,-6.16296486527035,-6.18504929618065,-6.17586827010626,-6.18214090828469,-6.23838862708759,-6.16391498410667,-6.19235748948737,-6.22465843427569,-6.22972173623224,-6.26222395236385,-6.260128613724,-6.32498115590356,-6.35272140055183,-6.34130575146815,-6.33903817680037,-6.33790631476668,-6.36950905964015,-6.45667965962192,-6.34300981322672,-6.36892545880655,-6.41062298234815,-6.39853093658312,-6.4989623807813,-6.57199758329879,-6.47922489794298,-6.53895415524556,-6.49697100939637,-6.56062574788694,-6.51977548521499,-6.55078038003441,-6.52726615694415
"A51",-5.52848553279921,-5.57591710365831,-5.62404750663735,-5.65928723476965,-5.70058758375968,-5.74397966440761,-5.82087824653245,-5.76162347434605,-5.83719958809655,-5.84338942904262,-5.8579831557335,-5.92755122136433,-5.88963024122671,-5.96307147260676,-6.0128924945216,-6.04275784149553,-6.04233687748174,-6.07441146792891,-6.10440930612412,-6.08489649190053,-6.10485723446307,-6.16534185711927,-6.05974338786128,-6.15681099969598,-6.18214090828469,-6.06060028594284,-6.12248480954639,-6.15822776498608,-6.2007051932532,-6.23022947932515,-6.24971727553576,-6.22364884307434,-6.22062617074775,-6.23022947932515,-6.28556718736269,-6.3144284337044,-6.31498107256898,-6.33170387029844,-6.2786134283981,-6.35963387047245,-6.39732973523749,-6.39373476431963,-6.40940717672726,-6.40879982778663,-6.46692302703668,-6.48052867909246,-6.46499438613028,-6.46821085722111,-6.44150869861411,-6.46821085722111
"A52",-5.461542427651,-5.51101566000071,-5.52974513744994,-5.61522229767672,-5.63043908043199,-5.6857461121701,-5.69135995465764,-5.72235386024164,-5.73899523041195,-5.81382057986514,-5.78023164681961,-5.8503122673521,-5.85239849898498,-5.91970218088109,-5.92156541972831,-5.91117571587918,-6.02357460102622,-5.94993880027948,-5.98906742250826,-6.03437204811926,-6.05589640726737,-6.05206416923691,-6.01657724792306,-5.98111825505384,-6.05717709047336,-6.12294090989637,-6.04782328077737,-6.07094074860978,-6.12522453728751,-6.14648226937459,-6.14601530695658,-6.16915683551827,-6.16963473277946,-6.19333596314665,-6.23430073176793,-6.25699381491863,-6.2606520369236,-6.28717879125703,-6.21460809842219,-6.28074790092674,-6.31166981126532,-6.29907725504864,-6.31664082398734,-6.34642667304304,-6.3642688729766,-6.40879982778663,-6.39853093658312,-6.35100072332775,-6.40154026777383,-6.39015267093712
"A53",-5.33187415007688,-5.4371197694285,-5.41462648894842,-5.50288453228931,-5.54934612135178,-5.60783613360899,-5.65413553476679,-5.6664866899125,-5.71110925004266,-5.7174758017882,-5.74179591685442,-5.73899523041195,-5.7916305652294,-5.82595010863041,-5.85763319947446,-5.89180022399504,-5.8806389920191,-5.95648357821274,-5.86219221140384,-5.94993880027948,-5.9622941698082,-5.94496271345656,-5.94267438293855,-6.00556347148748,-5.97637890968994,-5.98787101159785,-6.07789427510637,-5.95919098655769,-5.97362462897965,-6.07224085713527,-6.08753501585872,-6.07180729979052,-6.11748138769147,-6.14182242869654,-6.12339721836881,-6.18262505256914,-6.18602064157028,-6.18214090828469,-6.10799836336393,-6.20663992877301,-6.20614402001006,-6.22465843427569,-6.23838862708759,-6.22314442944448,-6.28664130132202,-6.29311032657715,-6.30727178328561,-6.31719468719729,-6.26748158802926,-6.31664082398734
"A54",-5.35003180223472,-5.33332297574685,-5.39725411440806,-5.40101476478638,-5.51101566000071,-5.51175814240086,-5.56619681170364,-5.57961983203578,-5.60375616058908,-5.68486258980369,-5.68162967001507,-5.72817763149092,-5.68368577295708,-5.72664176880228,-5.73434478023884,-5.77377584647674,-5.80084418749933,-5.89324949961103,-5.82459509487295,-5.83343568288307,-5.90308743649057,-5.90675581918103,-5.87992317237507,-5.89361214694048,-5.9716619198118,-5.9001623887012,-5.91635707462118,-6.00394206861909,-5.92007455102131,-5.98707419880669,-5.98906742250826,-5.94763906756795,-6.00030349577519,-6.05206416923691,-6.06964232817201,-6.08051436394149,-6.12431046044141,-6.11024808309795,-6.06145791892852,-6.12339721836881,-6.14648226937459,-6.18699293138922,-6.1763493863051,-6.19480547112601,-6.24146555259207,-6.21011819314934,-6.27648350214028,-6.25803765634953,-6.260128613724,-6.20465776756902
"A55",-5.22823175898135,-5.28500635248836,-5.29054762928368,-5.36147018155331,-5.417100902538,-5.43942020752604,-5.48730106621554,-5.53277467776252,-5.56202252961837,-5.56567407253857,-5.56410749258372,-5.59456938968288,-5.67170258119279,-5.63883778601582,-5.69165629485836,-5.69849647022696,-5.72021678111963,-5.76257752116671,-5.75118859705347,-5.81047721332716,-5.77893714825696,-5.92980516672125,-5.78087952504117,-5.85553602988374,-5.85938420675077,-5.88028101814737,-5.81852015212662,-5.84719105795156,-5.98826965621146,-5.88963024122671,-5.91970218088109,-5.90235537203621,-5.92605140855975,-6.01616715974835,-5.96423856085439,-6.01986402162968,-6.07354265814359,-6.04824656120697,-5.97993131129431,-6.07702243546963,-6.07876687551078,-6.06489582519387,-6.12385373515373,-6.17875844552849,-6.20366815838386,-6.19922699638389,-6.21661010109286,-6.20663992877301,-6.1615413774855,-6.1516332992608
"A56",-5.12520474883939,-5.18856650258892,-5.21103935844098,-5.24042588813226,-5.29711808597255,-5.33934771610603,-5.41642545502837,-5.36488461082015,-5.46626275739748,-5.48705949114491,-5.51374079484711,-5.57670939209272,-5.56124178787409,-5.60402764151921,-5.60457082458525,-5.65156960320927,-5.6307179037992,-5.6705411408764,-5.69017547124998,-5.65385010590799,-5.73434478023884,-5.71020304245912,-5.74930298995801,-5.81147905011157,-5.79556887028691,-5.76225940441518,-5.80051366361597,-5.8168391969485,-5.84132188867826,-5.92119249412265,-5.82425662812408,-5.83651418711016,-5.88386653650996,-5.90602106529051,-5.91376303944413,-5.96618673992371,-5.98270304143941,-5.98111825505384,-5.92530234485431,-6.02812853147957,-6.00515787423998,-6.0128924945216,-6.04655451342594,-6.08007720546459,-6.07964023801171,-6.10083308416335,-6.13950062593539,-6.11702777008333,-6.11476276345248,-6.09371878114674
"A57",-5.03857191278928,-5.11566253196396,-5.12251702674435,-5.16378647359043,-5.19811010613101,-5.2742102912048,-5.29971834746366,-5.30675284536914,-5.37627890801775,-5.40590257722797,-5.41059060903082,-5.4784014284018,-5.51423707277293,-5.50583366197655,-5.54524144652765,-5.54806159965943,-5.57803126935064,-5.59349412076208,-5.62432455332149,-5.65242418238106,-5.61412460272567,-5.68104298768671,-5.63016033478559,-5.73341727978589,-5.71413588673569,-5.72879263766037,-5.72449551625374,-5.81583197846482,-5.72848508729657,-5.78770770959396,-5.87563898160239,-5.75940089841921,-5.77990786504569,-5.82696757522658,-5.8688929947198,-5.88422579643838,-5.93168734307212,-5.88926903479331,-5.85728336564196,-5.96190574486644,-5.96151747074003,-5.93395064090738,-5.99869059219972,-5.99949671880525,-6.03437204811926,-6.01003593269342,-6.01904131487822,-6.02564199890957,-6.04402179784666,-6.00637515984374
"A58",-4.94148243540794,-4.95714192165626,-5.03426222472741,-5.08805644106484,-5.1488634133797,-5.13892331439779,-5.23327897036881,-5.26740026391332,-5.2648825904618,-5.31505669055233,-5.34603810275945,-5.3734720401488,-5.38889874477927,-5.4762485750407,-5.42797057477491,-5.48055892654182,-5.44658538321714,-5.54780489320185,-5.50583366197655,-5.51423707277293,-5.56124178787409,-5.59403161069708,-5.63099680493055,-5.62543350824522,-5.69017547124998,-5.67957778595938,-5.64447636875879,-5.67490351510582,-5.72725583084184,-5.71504566693491,-5.72357710198438,-5.79359777897857,-5.70178447199353,-5.74804789095422,-5.77570821422779,-5.80747771099497,-5.84892386032587,-5.82866565680289,-5.79589776356401,-5.87172786550565,-5.8957907970397,-5.90896332559624,-5.95262852332278,-5.93735522146095,-5.95339834630153,-5.98747252583844,-5.94840505764753,-6.04613194845029,-6.00759392903787,-5.97480410621487
"A59",-4.88435512818593,-4.89605738938882,-4.93464694809692,-4.97797451185671,-5.07421427573913,-5.10835838262487,-5.08223871295595,-5.1535246216465,-5.17663084829144,-5.21839774337216,-5.28441446137905,-5.27245470702231,-5.29352884981624,-5.38561969495083,-5.42774291398849,-5.38758583430622,-5.42229454636775,-5.39880090512636,-5.42706024244076,-5.43070655459378,-5.43436621101131,-5.49701223745994,-5.46295618848968,-5.54883211465838,-5.5370822987652,-5.6021288209297,-5.54857521035382,-5.61467329958443,-5.65527806559659,-5.65499231048677,-5.6878107051465,-5.67170258119279,-5.75118859705347,-5.66072298519575,-5.73465413832329,-5.71110925004266,-5.76353247906197,-5.77216838752267,-5.67607003608967,-5.7945828389827,-5.83275285595316,-5.81717516201129,-5.92792652630399,-5.83309421113654,-5.89470087867567,-5.87563898160239,-5.84823037902207,-5.90970024530534,-5.92007455102131,-5.89797420402064
"A60",-4.78741174598188,-4.80667456219882,-4.88237401415225,-4.90088443013714,-4.9315930867563,-4.96757580463581,-5.05239522834449,-5.02859561947325,-5.09979443041607,-5.12369201638855,-5.15751248995702,-5.19666371282154,-5.23065871807422,-5.27440554650172,-5.26159978361287,-5.2929318942717,-5.33726611668661,-5.33353012230378,-5.35319602805803,-5.33705819486447,-5.34540897408189,-5.42206817398421,-5.42093708009595,-5.42003312523213,-5.48778439150286,-5.44937284146799,-5.48972003207818,-5.57117651010818,-5.59915222557812,-5.59915222557812,-5.62377053668682,-5.56150196739943,-5.62765511426865,-5.68958375525639,-5.63239247856953,-5.63434969994086,-5.70899604170909,-5.70208391802062,-5.6059300744887,-5.69760161558112,-5.72633487912671,-5.76225940441518,-5.74742093168603,-5.79556887028691,-5.81784743094417,-5.80747771099497,-5.83925861421865,-5.87314832028994,-5.85344324921061,-5.81382057986514
"A61",-4.66970870712566,-4.72609565391697,-4.73984508931469,-4.78837213020935,-4.84647770792997,-4.89178616025787,-4.91988093082779,-4.92854852309815,-4.9416224228093,-5.02767972870551,-5.03656867612276,-5.10819299769106,-5.12537297156668,-5.18231369079173,-5.21876708779003,-5.18445311039899,-5.24137008610629,-5.24042588813226,-5.26372272178354,-5.2319679860065,-5.30332990837158,-5.31668502390622,-5.24629433848088,-5.34540897408189,-5.37649514761206,-5.4348246112027,-5.39747493808126,-5.51250117649077,-5.51821618769736,-5.52647345968579,-5.50312996117752,-5.58760072036679,-5.49579317111367,-5.56724311051737,-5.63295129389561,-5.55063229516253,-5.58679975917059,-5.59027523386261,-5.55994190468053,-5.63518968319059,-5.6584267729354,-5.65613582118885,-5.71352982611108,-5.71565264722669,-5.76832099579377,-5.76385100112232,-5.75370828342593,-5.81482577344953,-5.81248189157954,-5.76353247906197
"A62",-4.57921008431856,-4.5970036233217,-4.67612927492859,-4.73835878023184,-4.73232197164857,-4.78334037165957,-4.8517103151087,-4.83194532353635,-4.88872744386292,-4.91837521567096,-4.9339520693253,-5.00803866824899,-5.02144349281286,-5.07277669063411,-5.09864717141947,-5.1382414187014,-5.17045199555014,-5.17716224499157,-5.18767084646097,-5.19558028909692,-5.16186524341254,-5.2048270234607,-5.20555588646673,-5.2581355769152,-5.29532185756824,-5.31140260609669,-5.33456649922316,-5.36061839274542,-5.4371197694285,-5.41350377635715,-5.48850981772256,-5.45754759211859,-5.48103900336333,-5.50928534193211,-5.48705949114491,-5.59161517778545,-5.53125876034236,-5.52146091786225,-5.48657651600874,-5.58147635027223,-5.56698143316406,-5.58733366201295,-5.61577159733349,-5.64334610585237,-5.67170258119279,-5.63631075954119,-5.67402951650685,-5.694921846224,-5.67665380726795,-5.64986263266677
"A63",-4.45279250556721,-4.49883015021677,-4.57309029252468,-4.62905312645142,-4.65331056131603,-4.70333443477532,-4.74098990913063,-4.7577387846327,-4.76240896241458,-4.83988037367377,-4.80667456219882,-4.92289917979217,-4.88766573175257,-4.96356088671033,-5.0119361398293,-5.01148565555109,-5.05083248384767,-5.09325632278459,-5.11067664827648,-5.08659883290329,-5.11117411947487,-5.11133999821789,-5.13943504148784,-5.16047029985591,-5.21012335581212,-5.23948258082714,-5.21195620089999,-5.28579608599436,-5.29831736654804,-5.35891698867697,-5.3527735523441,-5.37931052575757,-5.39043265545584,-5.44937284146799,-5.39196892262949,-5.44496294688952,-5.57486169458936,-5.42751530501972,-5.43025003780886,-5.51946291519957,-5.48730106621554,-5.50337545031586,-5.53378656755288,-5.57065116205302,-5.58733366201295,-5.59726263127853,-5.60756361691566,-5.60701880622389,-5.64419368324454,-5.55192012534696
"A64",-4.33583030778417,-4.3861953115461,-4.42535175941225,-4.47906630919237,-4.5567610467804,-4.61048428081186,-4.64776458362051,-4.62802948013417,-4.6937828443447,-4.70565372456641,-4.77857164540749,-4.76311137405667,-4.81984965889017,-4.87488137311864,-4.90654558557187,-4.93575975945115,-4.96714486302173,-4.97623386737892,-5.01328881156182,-5.00863729143358,-5.00073446941899,-5.07086311964674,-5.01690490710985,-5.09358221491718,-5.05788414669687,-5.131447914313,-5.1382414187014,-5.1764537787912,-5.2329042279998,-5.22991133388398,-5.30152249749699,-5.29253412179231,-5.29951808712456,-5.35976732886426,-5.38213385264115,-5.35214017324554,-5.39504855550781,-5.44288081773939,-5.31546352538301,-5.43116327988147,-5.40790904317813,-5.41440184556884,-5.46744632955601,-5.50755801269325,-5.50583366197655,-5.52722751275658,-5.53606707025161,-5.53937033840581,-5.53075396477384,-5.46720950303033
"A65",-4.23305505756148,-4.2605880664035,-4.34342149556281,-4.36457972107016,-4.42677298608629,-4.45873490775855,-4.53275650547905,-4.54878985255198,-4.56652656239589,-4.6221129067184,-4.64693012023632,-4.68475466533093,-4.6972854748959,-4.76135626917742,-4.8253182283225,-4.83044099831848,-4.87174329522964,-4.8829019275867,-4.915234209333,-4.89766381543709,-4.95203625179332,-4.95884962094703,-4.94400521179849,-4.98496754734768,-5.02691712667054,-5.00132873477596,-5.04771430233768,-5.08191649610122,-5.12587780960853,-5.1776939242243,-5.16308741728793,-5.22785890289948,-5.20829386390045,-5.25277055159207,-5.23910550691619,-5.34624790030559,-5.31729633314584,-5.26740026391332,-5.36147018155331,-5.28146024948161,-5.33208099670085,-5.31505669055233,-5.38409314356944,-5.37779356804983,-5.38977497703687,-5.43322112901284,-5.43988093086982,-5.46697273257818,-5.44334313859829,-5.4039001291231
"A66",-4.10106710798293,-4.17488239244858,-4.20989010293829,-4.27270597076442,-4.31041319986435,-4.33674738847512,-4.45916689186825,-4.41034380805566,-4.46941626501047,-4.50442028288795,-4.52340588418545,-4.58625030113558,-4.6029726024446,-4.63976163075771,-4.74053182391877,-4.71253270431659,-4.7551794533148,-4.78298192730422,-4.81096509896769,-4.81712654791174,-4.79924048981659,-4.85993341168276,-4.82432171603276,-4.88422293174182,-4.89191936039127,-4.97131843171931,-4.95132918819885,-4.99112682770821,-5.03841767510871,-5.03211432577338,-5.11966921512039,-5.09831962474114,-5.1812456949622,-5.16764004290642,-5.20391669112655,-5.19269688468435,-5.25391777925135,-5.21232317338118,-5.1857032221789,-5.28797107449389,-5.19811010613101,-5.25105217408092,-5.30232538794558,-5.32281499814844,-5.32076749538563,-5.33789014166786,-5.34436130504944,-5.40057160058679,-5.40701678347138,-5.34645774187597
"A67",-4.02833212782853,-4.00353540593425,-4.08631687053487,-4.13316855407968,-4.19451855119263,-4.22913388857074,-4.28926515459257,-4.3419601254608,-4.36631077823388,-4.43113284878183,-4.42911824220773,-4.45640541272298,-4.49202008805544,-4.59859187062797,-4.59097146658828,-4.61421093064024,-4.62506681770255,-4.67817107887258,-4.70256253199674,-4.7101974238558,-4.72508048266065,-4.77075262677777,-4.77394393023678,-4.82332619579126,-4.85529960238729,-4.83345191515842,-4.81923011856926,-4.8829019275867,-4.92399898743671,-4.99200982997309,-4.98730946879276,-5.04538203042609,-4.99895378932242,-5.08740835290217,-5.09848338466945,-5.10852379491538,-5.12369201638855,-5.1810678064978,-5.08417419743113,-5.15733877328846,-5.23327897036881,-5.16764004290642,-5.19865304343509,-5.23159373450513,-5.23665798616131,-5.23948258082714,-5.25391777925135,-5.25871211195568,-5.26507603276823,-5.25909665339476
"A68",-3.93421749093791,-3.92596981156077,-3.95190793912706,-4.02295456613543,-4.07654393759659,-4.15997167566133,-4.1903489829559,-4.20458362533103,-4.25198131133419,-4.31026426844699,-4.32089390667114,-4.3357539223432,-4.38386832955325,-4.43610274487255,-4.50442028288795,-4.46306316936326,-4.56864541130572,-4.55552324609868,-4.57212233194189,-4.59423024594976,-4.60767331620621,-4.65320563502665,-4.64734726488728,-4.71008635593765,-4.7293737894474,-4.76863073514113,-4.72327827446842,-4.80838856849503,-4.81035103692813,-4.84520560497252,-4.91414399390749,-4.91291892059019,-4.94302337568624,-4.93994386597372,-5.03533790673663,-5.04491622807313,-5.05083248384767,-5.02798493243137,-5.03073596580326,-5.05537118793765,-5.07870002501039,-5.15231407242819,-5.10852379491538,-5.12151099044219,-5.15283269980606,-5.12486838825768,-5.15560326434886,-5.18427465050738,-5.16518605394485,-5.14473827861974
"A69",-3.7820479290064,-3.82154265229977,-3.89644497546483,-3.88290119185613,-3.9451662240214,-4.01699470779477,-4.07825470107315,-4.0562976145852,-4.10409191367698,-4.18206164270733,-4.20572315020549,-4.24980610084946,-4.28911933948587,-4.33659448327605,-4.35916985253095,-4.36836044391007,-4.38507126486011,-4.43796226700418,-4.48605470509793,-4.48720938835453,-4.50081017066385,-4.54492210564273,-4.56239809414422,-4.60557026600943,-4.64453490951037,-4.6334667851432,-4.6607886097511,-4.68703121246841,-4.7291473658078,-4.77489146080631,-4.77869058682898,-4.83006527034111,-4.82818874511415,-4.87056905019941,-4.84711436676602,-4.91196712229955,-4.9638471325975,-4.97319501112241,-4.90668076637641,-4.97681374562074,-4.97565432520101,-5.01690490710985,-5.07453401994649,-5.03426222472741,-5.02341662846099,-5.05052022779517,-5.06229707742015,-5.10357328975553,-5.06784076786704,-5.03549167009512
"A70",-3.66446004957319,-3.68740054823454,-3.73912067055068,-3.77766695292907,-3.79038075944604,-3.86853257435362,-3.92490563125916,-3.9417608236921,-3.99355849341066,-4.06499937502764,-4.08750798496311,-4.13266967654377,-4.15333052737003,-4.20471761970347,-4.26705644023762,-4.27392587691118,-4.3137700341679,-4.30336333949091,-4.37564702770984,-4.38282695484465,-4.38563313026799,-4.44671450029612,-4.42343213273255,-4.52571226465338,-4.53517781416806,-4.56191914399378,-4.5263590055638,-4.60097898136962,-4.59888994803094,-4.64682586125692,-4.66725837830151,-4.69860213078064,-4.73084679407609,-4.75042719864523,-4.78801187802893,-4.78897283906384,-4.87043866360297,-4.86057869788958,-4.82793880759723,-4.86718451169129,-4.92854852309815,-4.89191936039127,-4.9309003260774,-5.00028900204211,-4.91659865216987,-4.93840766009937,-4.98613782249587,-4.98540624005048,-5.00192335349423,-4.9534518805688
"A71",-3.5408733277351,-3.56365748936055,-3.63181882283232,-3.67596322884739,-3.73945721508291,-3.7080214996423,-3.78332201041241,-3.80352740927485,-3.86590306981459,-3.91723657248103,-3.94822029374003,-4.03221519075655,-4.02653639221691,-4.10627545309007,-4.15015329905068,-4.13161038741459,-4.1939881175507,-4.20706543228622,-4.22509126427034,-4.24644734043206,-4.27048525994097,-4.32700828692047,-4.30262413188777,-4.38346767247029,-4.434499571935,-4.43660954444417,-4.42978932687347,-4.49059228128066,-4.53071227507008,-4.53900798373442,-4.56412421655209,-4.62414915258589,-4.59097146658828,-4.6607886097511,-4.67013546484045,-4.7049905212703,-4.73198135285448,-4.78154943332642,-4.72147930838847,-4.78933343766142,-4.76147318038349,-4.84749655671907,-4.79717850837159,-4.82756401841176,-4.9325637586761,-4.81354828510183,-4.87383425260411,-4.89191936039127,-4.88369432065511,-4.86355238939501
"A72",-3.44158197185763,-3.4514701443378,-3.48215801049645,-3.54235780145117,-3.61202953026222,-3.5825753837439,-3.64482429191777,-3.67253377557785,-3.74790785057618,-3.81671282562382,-3.83330425071676,-3.87040133073733,-3.94998451171526,-3.96859335691654,-4.02468791108561,-4.02323393476415,-4.0733074031563,-4.06534902538085,-4.10688283892021,-4.10785542425005,-4.15997167566133,-4.22680224576429,-4.21171018500736,-4.2750753849047,-4.31616399057418,-4.32973783596523,-4.33651803944312,-4.41869061904547,-4.41985312021434,-4.44296630611324,-4.46037744108655,-4.48925556139174,-4.47554641819459,-4.52046145806114,-4.56460422424143,-4.55857290061131,-4.64693012023632,-4.6199793016418,-4.62884831334267,-4.6578328385714,-4.72181636810741,-4.69007469307854,-4.73096019204639,-4.74754052727982,-4.76839524709106,-4.84711436676602,-4.74156281089365,-4.78945366609559,-4.78405764604776,-4.74730995314921
"A73",-3.29651309459535,-3.32315359357479,-3.37164828820561,-3.39913950055271,-3.46372193220067,-3.52465398158939,-3.58549288540812,-3.52390753565509,-3.59335111628962,-3.67320297472893,-3.69602492227481,-3.74532282953715,-3.79918551216478,-3.85762952159781,-3.90544469006802,-3.92881317473562,-3.95024421824834,-3.95227224733583,-3.98373385298215,-4.03452967992094,-3.99171577433739,-4.07736945801614,-4.05675980189483,-4.15021674478873,-4.18797415500423,-4.22488614307719,-4.23395151660852,-4.25782866323043,-4.31991605861098,-4.34928842608611,-4.34434556770619,-4.36434389982157,-4.3807474531755,-4.42401597694614,-4.44186156837607,-4.45545791275976,-4.50904215889387,-4.52193258741804,-4.48259863359991,-4.57386533615968,-4.58008740562063,-4.61169140297836,-4.60557026600943,-4.66651381622914,-4.65215697721243,-4.67152368653811,-4.74489212916323,-4.67355609885456,-4.674734649374,-4.62762031482568
"A74",-3.15879252601119,-3.18912286671885,-3.23861945390481,-3.28149618684987,-3.34132598462477,-3.38584582215772,-3.43423723574036,-3.43349332646298,-3.43970954589552,-3.5423923503292,-3.5597477258341,-3.63068602053621,-3.65189200206366,-3.70683977949093,-3.79566320431195,-3.77095756514954,-3.83487679625149,-3.80446989526342,-3.86380443315767,-3.88129983278531,-3.89826804019581,-3.93652063702855,-3.95446088812611,-4.00496100108742,-4.0663403658125,-4.10118792470411,-4.09835258361964,-4.16504603539509,-4.19644373517756,-4.24840524609912,-4.25789932212465,-4.3018854703089,-4.2410827823339,-4.29496859210644,-4.33011752993645,-4.33621232253459,-4.43753934460414,-4.40059802025932,-4.41678372463189,-4.40828847786281,-4.4835722142406,-4.50216243591386,-4.53145514816581,-4.5164269761537,-4.57309029252468,-4.53219857353227,-4.57687431683324,-4.65793825152675,-4.54266498063669,-4.5177089102181
"A75",-3.03699186380529,-3.08327470061666,-3.10626168049907,-3.16507442839989,-3.19567212503657,-3.23979307312359,-3.32381976064081,-3.30239331260357,-3.34665237981036,-3.36430630307841,-3.416321171808,-3.49094704980583,-3.5215361805007,-3.58697289650763,-3.63076150077929,-3.64988953682274,-3.70793995685268,-3.70237004429644,-3.71900881909545,-3.74735638387291,-3.7674465843209,-3.84876655579313,-3.78808119623397,-3.88859949048456,-3.94134883480997,-3.96574028793413,-3.97592173127838,-4.05988516617053,-4.07595469711051,-4.11230488759909,-4.13541658799757,-4.15875509155097,-4.14958246847672,-4.15371247402945,-4.21508947992367,-4.2244076905203,-4.27694615822337,-4.27299287364976,-4.26905515601472,-4.32655408555006,-4.33209426592567,-4.39547668239829,-4.40410865782008,-4.41570752104277,-4.42184912886105,-4.45882128965295,-4.41977003958454,-4.45959906266887,-4.51945131058555,-4.37556753961314
"A76",-2.94492509730272,-2.92290941251623,-3.02343240419627,-3.01110990559831,-3.06770099707108,-3.08885684354447,-3.17206380641574,-3.17433276211753,-3.23500520679808,-3.28525604088514,-3.2634287289173,-3.34415564129496,-3.38859709968642,-3.45342795726581,-3.50682459954853,-3.50223392583993,-3.58954103493464,-3.58881694815741,-3.61481148276024,-3.61247412291153,-3.63632495537905,-3.69505850519065,-3.69892978996744,-3.73187046591903,-3.82277662791395,-3.82680907621367,-3.84105209155757,-3.90113252259697,-3.96352684829526,-3.99220322255567,-4.01029757469649,-4.04515447803134,-4.02547169793573,-4.0783727927124,-4.07955447674947,-4.12527810899203,-4.15123242442915,-4.15498668419166,-4.14244296571313,-4.18173419255869,-4.23685327351543,-4.23277938560936,-4.3112327193738,-4.31541526337538,-4.3293582861068,-4.28192793813776,-4.35916985253095,-4.34272900140211,-4.33255099121336,-4.34975307412359
"A77",-2.76072339448103,-2.83028563398488,-2.83334135224892,-2.8931756852289,-2.94924953134102,-2.98911422125242,-3.03638761529493,-3.03738794882282,-3.09522117205473,-3.1619993952265,-3.19389057217429,-3.18665067757346,-3.24604149294097,-3.31044301839369,-3.37977841428886,-3.34302281761108,-3.42175729562752,-3.44195687813545,-3.47538227985153,-3.48678795029636,-3.48456812109506,-3.56971071232525,-3.55441849367148,-3.64077523943979,-3.65208475828546,-3.70904134593789,-3.68975984154124,-3.78530225264899,-3.8193070969284,-3.86275676412523,-3.88299832638753,-3.90957600178509,-3.91919868917724,-3.95477394249578,-3.97129541689322,-3.9659513474537,-4.03543435034338,-4.01211962196643,-4.01799481900159,-4.06232277619936,-4.06990564034508,-4.14030473459848,-4.1294330248946,-4.18311020430809,-4.18935878582578,-4.20928414432692,-4.20525377681034,-4.2770181809826,-4.20057212031928,-4.16743151732963
"A78",-2.66491887514161,-2.64867341633422,-2.75687286579978,-2.73992794000023,-2.84602000032566,-2.85936739903347,-2.90193232448332,-2.90605611691222,-2.939049528382,-3.01785519064176,-3.04949176440035,-3.09581783737635,-3.08382059387534,-3.1678025546842,-3.23223972532633,-3.22574939381137,-3.29123148706034,-3.29808138304918,-3.37631942039625,-3.36468224836834,-3.37913260906474,-3.42657673000155,-3.4367209377312,-3.51485892235937,-3.55225285658211,-3.56690963970473,-3.57472967742332,-3.63689439904799,-3.69654878841884,-3.73530042703467,-3.76463801851509,-3.80680750028384,-3.78984962147047,-3.82085776767605,-3.83533978065719,-3.85668291039498,-3.88081507830395,-3.92116466334543,-3.88377574249004,-3.92744125815653,-3.96811727978305,-3.97241015544324,-4.02273112741257,-4.01051825217725,-4.07660288074594,-4.06750790826854,-4.08488940345135,-4.09384468718045,-4.1175722483414,-4.00814851752553
"A79",-2.54863909589136,-2.56439151308565,-2.59100076779958,-2.6654937116883,-2.68948363152837,-2.7400982990711,-2.77820446102542,-2.78654161265801,-2.81064787027111,-2.89272452347976,-2.89764413766327,-2.96024930630866,-2.98768474197469,-2.9888758327575,-3.0914065196224,-3.06727124073631,-3.1528540293262,-3.15801593661144,-3.17883813783667,-3.24424491621874,-3.23974201754959,-3.29913730647101,-3.28341434600577,-3.36975685582784,-3.39749424673777,-3.4416132086796,-3.41857754549369,-3.53013363384869,-3.54025257384408,-3.60347269717207,-3.62204357392768,-3.66165346786034,-3.6730848482153,-3.69124224330312,-3.73157820864705,-3.71608622455215,-3.79561869755804,-3.75762949794305,-3.74956407773044,-3.78746298549274,-3.81525933699584,-3.84895431396116,-3.85394279435162,-3.91312361087218,-3.88825765187788,-3.93918867350092,-3.96284272775812,-3.97965965414396,-3.96121324961892,-3.93657187834956
"A80",-2.41992822542204,-2.42452676379929,-2.46819113566716,-2.47605791556867,-2.60798317125161,-2.59924064024493,-2.67701675852204,-2.61557129830995,-2.68586805416856,-2.74087302446971,-2.74934105552009,-2.81332738689873,-2.84707091825267,-2.89230963436645,-2.93829389890673,-2.94686592181072,-2.9932353933554,-2.99747378911229,-3.05516385732342,-3.05892769705114,-3.10964032666211,-3.16426927537733,-3.16037109549564,-3.22205587587483,-3.28162927352942,-3.30168694439337,-3.30770703857482,-3.35687432302549,-3.4355404100847,-3.45675237578448,-3.4915379305636,-3.5113694543172,-3.52224699678462,-3.55204352748111,-3.57120309081351,-3.61003130579626,-3.62080967521255,-3.63484591762151,-3.59918501309525,-3.6410039938729,-3.66375766534016,-3.69650848127843,-3.74308224012825,-3.73500716575772,-3.77278293833664,-3.75433572959255,-3.82309679623374,-3.83016655895831,-3.82332555066686,-3.73773362033146
"A81",-2.28424431799719,-2.33272476390714,-2.34238677487698,-2.37134584856484,-2.40904621409591,-2.51047064191927,-2.53436583770392,-2.54894609548444,-2.55679370538829,-2.60739976045281,-2.6331746664571,-2.67890896175607,-2.705214226283,-2.7662886096913,-2.8140275736438,-2.76026497255095,-2.86179596291983,-2.8696812895534,-2.90755657465027,-2.93522059929236,-2.94433598447058,-3.02234322498028,-3.02182987267586,-3.12536271336975,-3.12757366646141,-3.16136191866759,-3.16545354837221,-3.24555353145456,-3.26533869927854,-3.33684325252374,-3.34081749567344,-3.38850823054617,-3.37883919905149,-3.41030876453062,-3.44737745508395,-3.43946015378749,-3.51583412210038,-3.48603657409923,-3.48095512994048,-3.48626519405222,-3.52136701297369,-3.55550307350315,-3.58174850659589,-3.61151108853826,-3.61047501073975,-3.66235437517458,-3.65031280096512,-3.72707988792924,-3.70403370188561,-3.62722007372721
"A82",-2.18914034299424,-2.18385139824613,-2.24979342173401,-2.26905360978525,-2.33445766994901,-2.34418864284912,-2.43163511341206,-2.37970374655036,-2.45524688176988,-2.48187923702999,-2.49146007665784,-2.55064909535184,-2.5792744737491,-2.62230837965729,-2.68580937216631,-2.6534199804511,-2.6772494519495,-2.74688978689375,-2.77651642557776,-2.80751148482905,-2.81907673838666,-2.87367394555346,-2.8780736900859,-2.97622380716595,-3.00727867745436,-3.02505810293582,-3.04675192117571,-3.10434250827804,-3.17833386955526,-3.1700380427849,-3.21453525876978,-3.25261359685306,-3.2318091002801,-3.28128328499682,-3.31420350482565,-3.30642370938862,-3.35020963394924,-3.38280751655056,-3.32972359020373,-3.38074790479475,-3.3634103881015,-3.42090021393802,-3.42999817126788,-3.48489425768396,-3.49416829967406,-3.49720180239596,-3.54263422590267,-3.54963938702243,-3.55490815826103,-3.46945480936848
"A83",-2.06928529143546,-2.08564474180448,-2.10858203142625,-2.15884845151566,-2.22879574302355,-2.23089718970326,-2.26302789799559,-2.30399608797944,-2.31094998132567,-2.42590593402886,-2.37088534725284,-2.41831024754099,-2.45795318022774,-2.4971776312691,-2.54521732089212,-2.5296864661626,-2.58775033532155,-2.56981115687844,-2.64420254355594,-2.6580607563573,-2.67341691720786,-2.74243980288946,-2.74751374373618,-2.84035377637448,-2.87114576741127,-2.89889598611726,-2.88381529852692,-2.98538598149985,-3.01295981922062,-3.08107232072101,-3.05291657008183,-3.12149959898948,-3.09958281868022,-3.14175275982162,-3.16074843619159,-3.1796070359475,-3.22763911053836,-3.20610768559052,-3.2116023409017,-3.21381365927594,-3.24629841044617,-3.25774659925719,-3.30587811099006,-3.30182274568913,-3.3370120478879,-3.36407502236041,-3.36179399288739,-3.44255076734569,-3.39212862740228,-3.35512519355977
"A84",-1.97328854012193,-1.98017556002321,-1.99712449919062,-2.04398945936498,-2.10212078246416,-2.11109734108385,-2.17734548237553,-2.13264824441352,-2.22248084875238,-2.24856103054984,-2.27674192303653,-2.28841595107985,-2.33051142843489,-2.36708094837515,-2.42567971015676,-2.38293868231961,-2.4723182176277,-2.46575129074826,-2.49401197775669,-2.53101760624187,-2.55189296432893,-2.59684877681138,-2.61607740234564,-2.6995613337063,-2.75043591759865,-2.76708390160534,-2.76891547687349,-2.85071460153654,-2.88560513630852,-2.93035660292386,-2.95045302735523,-2.95555048392116,-2.95447517370579,-3.00313964048241,-3.0235969117023,-3.02699592823094,-3.07885304694837,-3.07726776153651,-3.04601555186376,-3.08248913748027,-3.10153733245097,-3.14221575494529,-3.12809863081013,-3.17445232356628,-3.17627141978585,-3.20103590673987,-3.2271600444559,-3.25761665318463,-3.27836047170309,-3.16178685788407
"A85",-1.87248591059421,-1.87380718558881,-1.92521772167024,-1.91865691521654,-1.9675996754264,-2.03557777803345,-2.05724961417334,-2.04119822910384,-2.03431522406373,-2.16619404308973,-2.13211684323109,-2.20792967295266,-2.21145637058297,-2.25154032948774,-2.27629375903998,-2.27867327294773,-2.34700731054679,-2.32149272092167,-2.384174830034,-2.36492869140455,-2.43346856588296,-2.47150090960516,-2.48198691636105,-2.57122299564047,-2.58696595377944,-2.65637847832771,-2.62221201202848,-2.71717672138051,-2.74921600471804,-2.78971046631684,-2.79548894212611,-2.84624387385528,-2.80362541602524,-2.86493210733498,-2.87247093788958,-2.88512156431404,-2.94131984871543,-2.92437952210875,-2.90466745619828,-2.92404437026321,-2.96498970621948,-2.97078603459292,-3.00275688849096,-3.00322023851989,-3.02957865433782,-3.04041588118063,-3.08231465166771,-3.13020124842856,-3.09090046343936,-3.04906976114467
"A86",-1.74235235255582,-1.76705710058771,-1.8077120375221,-1.78331522244539,-1.88061691278687,-1.91638435706734,-1.9754996317675,-1.92534800634244,-1.94486869156049,-1.99976567051335,-2.04650205263804,-2.07245003929109,-2.09626221941018,-2.10565410881609,-2.1793768006926,-2.14963227317185,-2.21767425392365,-2.21006060781845,-2.26239369725942,-2.27399763614213,-2.27010822236129,-2.35438377822793,-2.3538783873816,-2.43611648561857,-2.47228266860263,-2.50797468272281,-2.49812563688228,-2.5809110705218,-2.6264886474594,-2.66199233769776,-2.66054657845824,-2.69611668953768,-2.71622351179137,-2.70143711583196,-2.75112473067576,-2.75209613694094,-2.80047803884832,-2.78194434996392,-2.7748633071478,-2.78797041627826,-2.79498158129167,-2.85114719859643,-2.85717105175535,-2.89194900109052,-2.87070443387071,-2.89916833457972,-2.91666234657051,-2.9786588573647,-2.97080554203013,-2.88102953269384
"A87",-1.7113432928411,-1.65892231753301,-1.69749347075499,-1.71897937831853,-1.7579437212334,-1.78692119258781,-1.84338966246491,-1.82223517169417,-1.8433517556777,-1.92425825232021,-1.88446703876257,-1.96700611235005,-1.97510314821097,-2.04040546095469,-2.06197104344857,-2.01855718889053,-2.08212513930904,-2.08188452333098,-2.12285021209686,-2.15415646722328,-2.17826348049808,-2.18557568984747,-2.22278549179157,-2.31640008202777,-2.3299460123507,-2.37111021674917,-2.36169835748655,-2.44987933202482,-2.48065968094068,-2.52562864930792,-2.53047740183046,-2.56474237888308,-2.54595686215525,-2.59983277031553,-2.58048846648228,-2.61367227389215,-2.65440043537543,-2.64306334298269,-2.6380997882044,-2.63484620884379,-2.65078179331182,-2.68572135561915,-2.71752494506475,-2.73597139495661,-2.7433561868097,-2.72460650341793,-2.77449453715188,-2.81812179649016,-2.81524573270577,-2.75027943531995
"A88",-1.54480252098861,-1.60470911086101,-1.59883432964991,-1.60248712522234,-1.65568082360884,-1.70889919616094,-1.75903480981848,-1.69494678238933,-1.76318367425172,-1.80811448636775,-1.80631691656304,-1.82425373573212,-1.88365109893892,-1.89460315476161,-1.96203546595281,-1.8822379405582,-1.95992489847864,-1.9633808773426,-2.01598610686856,-2.04698984052966,-2.04789636407419,-2.10251366796765,-2.07589583513334,-2.184446564977,-2.21243365117222,-2.24941406265661,-2.2426666027828,-2.3224409217054,-2.36846851810967,-2.40231703439306,-2.40462889281764,-2.41820921079159,-2.42018689507423,-2.45093430061852,-2.48141276053374,-2.45124752749595,-2.52220984255914,-2.47937000533024,-2.48606331847138,-2.5011945808715,-2.51412127126654,-2.54014455604262,-2.54642892437416,-2.59863541511634,-2.58211382775612,-2.61509278688148,-2.58784343838005,-2.66552246219143,-2.6324929225577,-2.59112086307531
"A89",-1.43101143160903,-1.44739559649853,-1.53222690254276,-1.49063317666885,-1.58077271322034,-1.58106913838366,-1.64042303138188,-1.59814195269225,-1.63812549429835,-1.7180983111666,-1.68074059233294,-1.74074891480768,-1.70659880374897,-1.81684345839625,-1.83241897695,-1.81238675646279,-1.85734173487747,-1.81919644413819,-1.88592949925023,-1.90076662580608,-1.94969831510474,-1.98531023829552,-1.98708845704767,-2.04151397196856,-2.09338631972548,-2.13233611743436,-2.11942222353619,-2.19738759062216,-2.22404197067527,-2.27836088276986,-2.27628401857468,-2.31840964334102,-2.27333701863506,-2.3224817247085,-2.32210436044042,-2.35442590566343,-2.3491212992362,-2.36499255312266,-2.33116976984982,-2.34584756305366,-2.36920578033594,-2.40929095767261,-2.41177515423241,-2.42962332616477,-2.44734500443461,-2.44517452896438,-2.48001463522757,-2.50732405263215,-2.49632762150352,-2.42652831368922
"A90",-1.37272681789835,-1.33505766833418,-1.38930288218435,-1.43942091384647,-1.47997227379731,-1.48797720327237,-1.56805607465533,-1.48194659941955,-1.57125138771553,-1.62311096402145,-1.59675863527703,-1.6371586050347,-1.62200150488291,-1.65392808483349,-1.76310787449133,-1.68346127278289,-1.77451894484565,-1.73691907325018,-1.75697550699111,-1.79176346923605,-1.80124027032757,-1.8667201124948,-1.87340345826857,-1.97200877461884,-1.95068955222864,-2.0207048184701,-1.96992726484503,-2.08008174656726,-2.11313070211903,-2.14195544706908,-2.15440649632279,-2.18161602701557,-2.16037397837821,-2.17282078693877,-2.1956518147759,-2.18825690735396,-2.26915998813446,-2.18895288232695,-2.1980899516646,-2.19601131363837,-2.2208023615787,-2.24970805339328,-2.27117363903995,-2.27879044442833,-2.28369464631402,-2.32170675220163,-2.30623173391424,-2.36987940784542,-2.32832350223916,-2.26862820951586
"A91",-1.26460784286329,-1.27086074986757,-1.3107083389633,-1.27932873434242,-1.41821029922472,-1.3546832972765,-1.4641305050468,-1.38020891506399,-1.43211633472853,-1.54658988187089,-1.47495072672535,-1.50960615221715,-1.57707237315503,-1.59792444747621,-1.57451971105524,-1.60901800060941,-1.61375722725833,-1.63023773676602,-1.64044881846822,-1.68335359538427,-1.6937329819295,-1.73236854928539,-1.73710652479025,-1.83046495513369,-1.8763047985053,-1.87146523367334,-1.87406774135573,-1.94704579365561,-1.98919141510637,-2.01144650119403,-2.02455192182989,-2.05504555844546,-2.02270588385529,-2.05924683439432,-2.05243356283936,-2.07722001110718,-2.10684562699212,-2.10082862356148,-2.04392769045788,-2.06404862287236,-2.06700716989966,-2.11315552474071,-2.12366096760655,-2.14651340234729,-2.14635087096341,-2.14468431074177,-2.18184642951203,-2.21391509228155,-2.20077788285559,-2.10799740703077
"A92",-1.17017381346499,-1.18744678106862,-1.20778004266889,-1.21371005788168,-1.2685326590244,-1.35507867983365,-1.34125981188046,-1.29131150760824,-1.34354526465395,-1.42325299470543,-1.37966438804378,-1.43849754301377,-1.44007917782564,-1.49101508149038,-1.5726914114671,-1.45233587785635,-1.58407723036892,-1.51445960587543,-1.58990002606106,-1.56310791485149,-1.60673656436244,-1.65261162841815,-1.62490186540445,-1.74212394818774,-1.73880655277538,-1.78808024587867,-1.73822628526716,-1.84457813693249,-1.88332885453677,-1.8882923962832,-1.90840340390637,-1.94053561775786,-1.92310810294787,-1.93735881614556,-1.95609887832313,-1.93849074105939,-1.97830834857272,-1.93928315615952,-1.9435200077202,-1.90484978294782,-1.95140723035971,-1.96900274235951,-2.00898307803127,-2.0082377826735,-2.02121791760004,-2.0234620447116,-2.03141357266925,-2.10093487741839,-2.0470130744605,-1.98813938327305
"A93",-1.12806478656016,-1.10160275566062,-1.14970560305299,-1.18130174589508,-1.20799421269394,-1.21011160828535,-1.29623064725373,-1.20193820885308,-1.2637546563726,-1.3018061646747,-1.30483235343698,-1.34669679590734,-1.34887526991324,-1.39632045484299,-1.42073674867611,-1.40858496085433,-1.42754144597824,-1.42983254113438,-1.46590482888922,-1.51736022423319,-1.46762589897836,-1.5144686998434,-1.52449951591791,-1.61626617202768,-1.63890791861813,-1.6999152890669,-1.65156805387223,-1.70397938776743,-1.75455617431054,-1.79995092780435,-1.78777541611775,-1.81382717988978,-1.77751934281803,-1.81760664807361,-1.83062712471353,-1.81839506819452,-1.82938657285179,-1.81652973483334,-1.80033210953281,-1.82811022465266,-1.80766936305209,-1.8538178684122,-1.85262474499933,-1.87227128691649,-1.87368344537796,-1.89085962191507,-1.89462310468729,-1.9469967391806,-1.92487494835659,-1.83721719215284
"A94",-0.974046971435119,-1.00194394068279,-1.0241348847627,-1.09182636521569,-1.13008128416769,-1.09848429685941,-1.18410808745409,-1.18886418319514,-1.14376552448651,-1.23911650646152,-1.20738194217169,-1.20834903272692,-1.28798867233577,-1.29122421012017,-1.33281046784705,-1.27424148931694,-1.34467652336689,-1.31126852461827,-1.38919857426728,-1.35681711560206,-1.41640311455688,-1.42580471621535,-1.43302544664751,-1.53460877181345,-1.53543958914874,-1.55469881166226,-1.55015065507923,-1.63510449918335,-1.61838279891591,-1.70485909839938,-1.67070180103801,-1.71107758125839,-1.67231381648577,-1.6940757448742,-1.71354920869149,-1.70876665586021,-1.7255280069244,-1.69218385388733,-1.68938520799285,-1.67640604936589,-1.72319468935925,-1.7098495827414,-1.73591425058495,-1.73641369723116,-1.75578826077029,-1.75620508423422,-1.76289216815427,-1.81608085073321,-1.78184676284505,-1.70994356536574
"A95",-1.00500719806616,-0.914153018412608,-0.981408087170566,-0.903009321568241,-1.11039139070441,-1.08062601582776,-1.1377638042156,-1.06308396091045,-1.13264177956215,-1.17251612781224,-1.09502273881758,-1.187886223312,-1.14934889592943,-1.22283627276988,-1.2300943540275,-1.20662966398722,-1.27329072863683,-1.26750205716836,-1.26100887270922,-1.30078110575428,-1.31799292862179,-1.36289819831358,-1.34332682991046,-1.41364500314269,-1.43953059442299,-1.45341755297619,-1.44316952096239,-1.52357678005557,-1.56583259495338,-1.57503648571677,-1.56448366743306,-1.59651675134558,-1.55797038322632,-1.59165693513901,-1.60081519514322,-1.59444585701489,-1.62703686959586,-1.58165738942337,-1.54963715931606,-1.56570336352124,-1.56942904841486,-1.6254656735113,-1.57654003093353,-1.61080384489524,-1.60503760798962,-1.63028368361573,-1.64004661562882,-1.69866811282915,-1.64688539868389,-1.57031816591624
"A96",-0.851432730525822,-0.823536087397687,-0.902252234320317,-0.931505897680636,-0.982986244312423,-1.00337483878127,-1.04385993373446,-0.926262787963314,-1.03022960330685,-1.13577224663668,-1.03945886618195,-1.14376552448651,-1.10589071224681,-1.15289319943503,-1.18574658230259,-1.1315715258409,-1.17855525131635,-1.15164604414817,-1.20834903272692,-1.21617359890739,-1.20044237695827,-1.27203039903489,-1.28346705132042,-1.31797798507105,-1.37152792357688,-1.37102749504989,-1.33847609766442,-1.43437597636941,-1.43367951278182,-1.48892083988726,-1.45196846011534,-1.49301580241706,-1.45908443285523,-1.50864732300072,-1.48600862467984,-1.48004695459186,-1.50989126460088,-1.45583738391232,-1.46091446439037,-1.42592123674598,-1.44853578926355,-1.49094845968237,-1.4966629518329,-1.48380576183432,-1.48877015270913,-1.4963905166853,-1.51781634538688,-1.57312526977578,-1.55258982451804,-1.45415787057628
"A97",-0.874014595131359,-0.831786453364486,-0.826756290490094,-0.846333325700376,-0.901200169330339,-1.00224630278686,-0.936983355099244,-0.90254069834999,-0.954166549804581,-1.03133689119567,-0.986324323293706,-1.01128846049643,-1.01420956124803,-1.02179014606683,-1.13440010097398,-1.07292115038025,-1.1080476621346,-1.08204724965056,-1.15596072056035,-1.1294096976664,-1.12187682145003,-1.17944280658266,-1.21222677481228,-1.27420930594323,-1.24020119893322,-1.28513224642643,-1.25785893088374,-1.32121473640527,-1.36323039112134,-1.37519617445386,-1.37869530720459,-1.3744487976522,-1.36036543990334,-1.39143957506057,-1.39084469821871,-1.36678981746191,-1.40319639919525,-1.35440817225757,-1.35603289318436,-1.34567078628352,-1.33490567128263,-1.38473957043359,-1.35345550724088,-1.41966088353546,-1.34137835849906,-1.39524631052172,-1.3920146910548,-1.45212651864431,-1.42481483949478,-1.34156194228454
"A98",-0.662336734766634,-0.683022607462096,-0.834931967506335,-0.830326361137664,-0.873058843482154,-0.905165349090737,-0.914177965338025,-0.873576129466618,-0.759319034860195,-0.923995336259708,-0.883271903016983,-1.03227694528293,-0.96195516124643,-1.00450191925759,-0.985552389480859,-0.98460436980674,-0.968871697059278,-0.984184207917805,-1.02298547054512,-1.12318575835628,-1.07726379801109,-1.04207223263862,-1.08932356276585,-1.15538266015917,-1.21341726315394,-1.22642975121363,-1.15798338397728,-1.2640094740201,-1.28204966776029,-1.30206351288663,-1.31979526316969,-1.31310338070318,-1.25625606224994,-1.29160983153931,-1.29004280636622,-1.27752247082281,-1.29350007078574,-1.26170079210704,-1.25723645965293,-1.21161526702338,-1.2328799522736,-1.2649868769685,-1.26446972596305,-1.28034282015194,-1.27437023317049,-1.24631678982041,-1.28552999157827,-1.33290526446099,-1.32427400790749,-1.22957441326167
"A99",-0.609010097063675,-0.789583193877054,-0.737791052491692,-0.621889409229478,-0.813592005636694,-0.876707103813225,-0.832682848537087,-0.651389304113831,-0.729547714160561,-0.884235049434023,-0.83248281381775,-0.952083726372969,-0.940224882169786,-0.918904143862308,-0.978639651938734,-0.903278262473183,-0.985474693046149,-0.972070390751353,-1.00127144478567,-1.0635646939507,-0.982703007393537,-1.07648002414403,-1.02445796044599,-1.08138355924218,-1.08605051910596,-1.18130826314298,-1.09471190506331,-1.16511433626267,-1.18124309257529,-1.1993999424808,-1.20973269402106,-1.22333232980623,-1.17230942215067,-1.16312521013336,-1.21033298747862,-1.17753212699546,-1.19873985346092,-1.17434927925986,-1.14166176217872,-1.1617406046126,-1.12719696552389,-1.18626387054516,-1.14578566055086,-1.15877001949511,-1.15819988588048,-1.1911256831252,-1.15528423261843,-1.25155020419138,-1.20680347355922,-1.13329690547997
"A100",-0.632493932889579,-0.563521323680971,-0.486976642030375,-0.711019406032968,-0.658433494994692,-0.673254892604115,-0.764812156442741,-0.682563213035036,-0.699993781941831,-0.787909899690063,-0.715884921357129,-0.739371186945487,-0.7099666072458,-0.848040625827791,-0.866396497090063,-0.786435618994893,-0.84339155408383,-0.748653907576219,-0.826044787645908,-0.861970142140545,-0.833434455227867,-0.846113557313654,-0.8078657603455,-0.975678878544453,-0.944476366207885,-0.943836195375079,-0.928212690452705,-0.983551090816164,-0.971955641200624,-0.992712762235381,-1.0176989421431,-0.988075530681314,-0.968144555255453,-0.969116928742426,-0.968950548929829,-0.944584625688062,-0.977855490435489,-0.932884692626905,-0.89443717479821,-0.891035006558756,-0.906137422013729,-0.909343343905197,-0.916879451118737,-0.905982046282364,-0.894902751900787,-0.909280981027719,-0.92245842756949,-0.97590627438382,-0.953615702931396,-0.859286517235312
